,Unnamed: 0,title,content,comment_1,comment_2,comment_3,comment_4,comment_5,comment_6,comment_7,comment_8,comment_9,comment_10,comment_11,comment_12,comment_13,comment_14,comment_15,comment_16,comment_17,comment_18,comment_19,comment_20,comment_21,comment_22,comment_23,comment_24,comment_25,comment_26,comment_27,comment_28,comment_29,comment_30,comment_31,comment_32,comment_33,comment_34,comment_35,comment_36,comment_37,comment_38,comment_39,comment_40,comment_41,comment_42,comment_43,comment_44,comment_45,comment_46,comment_47,comment_48,comment_49,comment_50,comment_51,comment_52,comment_53,comment_54,comment_55,comment_56,comment_57,comment_58,comment_59,comment_60,comment_61,comment_62,comment_63,comment_64,comment_65,comment_66,comment_67,comment_68,comment_69,comment_70,comment_71,comment_72,comment_73,comment_74,comment_75,comment_76,comment_77,comment_78,comment_79,comment_80,comment_81,comment_82,comment_83,comment_84,comment_85,comment_86,comment_87,comment_88,comment_89,comment_90,comment_91,comment_92,comment_93,comment_94,comment_95,comment_96,comment_97,comment_98,comment_99,comment_100,recommend_type,surgery_type,surgery_location
2,23,"
[問題] 求推薦台北玻尿酸隆鼻
","['\n\n一年前打過玻尿酸鼻子，\n因為不太滿意之前那間，\n三個月就消的差不多了，所以想換一間。\n\n求推薦台北有美感、打了自然的診所及醫生！\n（聽過珍顏、八千代系列不錯？）\n\n另外也想問大家打過哪個牌子很持久！\n不想花錢了又三個月消掉，至少維持快一年才合理吧？\n（之前打的是瑞絲朗，但沒現場拆包裝）\n\n--\n', '技術好的不會變寬喔，我打過變寬的跟不寬的～\n', '為什麼講這些但不推薦是哪家呢？不滿意的意思嗎\n']","['smilifly:', '可以去做看看鼻雕 我自己就是玻尿酸打  完就差不多消很快 本人代謝比較好的關  係 做完鼻雕線條很美很不錯 我是給教主  醫美的王沁璋醫師做的  ']","['hummmm:', '同問！']","['maygo0512:', '不是有脂肪隆鼻半永久？    ']","['sexymouth:', '同事在維格打覺得滿精緻 你可以研究一  下  ']","['danieljch:', '推薦埋線隆鼻 比玻尿酸微晶瓷更有挺度']","['carol0316:', '醫美工作的朋友說微晶瓷打的好不會寬']","['imkarenpan:', '在君綺打過V18，醫師細心技術好，且    用鈍針打，商品也都確認後當場開    ']","['energy6e:', '我也有去東方八千代 滿推薦的   ']","['faith0804:', '請問樓樓上，郭岱洋是？google找不到耶']","['geniustay:', '深層注射才不會寬，但是很多醫師都不會']","['evelyn922:', '我之前到小林診所打也維持的很久，技術  也很優  ']","['carriechu:', '我打過瑞絲朗也可以撐快一年']","['richway:', '選擇用鈍針的醫師我身邊一個給郭岱洋醫師做線雕，一個給    楊仕安醫師打鼻子，都還不錯    鈍針的手法加上一層層鋪疊上去，這種打法    比較持久，過了一年再補打0 5即可    線雕的立體感也很夠    啊啊啊抱歉 應該是郭『綻』洋醫師     另外樓樓上，鼻頭可以用耳軟骨喔     to p大，只需山根的話就用肋骨囉']","['joecykuo:', '我喜歡去極緻醫美打  ']","['smallter2002:', '我打微晶瓷可以撐快一年,但因人而異']","['valinor:', '微晶瓷風險高，以後想整型還要刮掉，長期打不如直接自體軟骨手術做一做']","['dreamoff:', '私我，要用復合方式作才不會寬 ']","['MINImama:', '一直打不是會變寬嗎～我之前也想打 但怕越打越寬和失明什麼的 也怕之後如果要隆鼻會不好清...']","['dancing74185:', '千代田不錯  ']","['oopslol22:', '看過給李杰年打瑞絲朗的撐滿一年多  ']","['ptorg:', '自體軟骨有多到可以隆整個鼻嗎 還是只能墊  山根  只想山根高的會能用軟骨嗎r大  ']","['vivishe:', '千代田還不錯 醫生很有耐心而且有美感 ']","['oxdoxo:', '打過一次微晶瓷0.7c.c，一次過敏哈啾一個月山根又平了（美不到三個月，哭）']","['clarethad7:', '我是在微風八千代打的 反而覺得第三個月是最好看的時候XD']",,,,,,,,,,,,,,,,,,,,,,,,,,,,,,,,,,,,,,,,,,,,,,,,,,,,,,,,,,,,,,,,,,,,,,,,,,,,,推薦,鼻,nose
6,43,"
[問題] 二次隆鼻材質 選擇 真皮or全gortex
",['\n幫朋友代po\n\n2012年有使用過卡麥拉L型鼻膜隆鼻過\n隆鼻完4個多月後發炎取出\n當時鼻梁右側有長一顆痘痘我不以為意\n痘痘好了後鼻樑山根的部分突然紅紅的\n過幾天變一顆紅腫但沒流膿\n之後吃了三個月的抗生素後沒有好轉\n我就認命取出\n\n事隔八年\n都還是有二次隆鼻的念頭\n一直都是偏向埋線隆鼻\n或是真皮隆鼻 或自體肋骨隆鼻\n都是以自體為主\n直到最近朋友使用全gortex 隆鼻後太完美且也沒異狀  且經濟也開始負擔的起\n上網爬文全gortex這個材質非常穩定幾乎零負評\n很心動的馬上預約了蘇皇銓醫師\n本已決定付訂金 直到朋友介紹另間耳鼻喉科醫師背景 A one的許瑞賢醫師\n他更深入的與我溝通跟講解鼻子的構造\n除了價格較蘇醫師便宜許多附加價值是鼻中隔彎曲及鼻息肉腫大的呼吸問題會一併處理好\n所以決定給許醫師動刀\n使用的方式是gortex於山根 取耳軟骨於鼻頭\n費用是19萬元～\n\n下禮拜就要動刀了\n因為之前發炎的陰影\n就算兩個醫生跟我說gortex是非常穩定的材質\n發言率幾乎是0\n但還是覺得無法寬心 怕自己又是那個該死的1趴\n\n想請問版上有人可以分享二次隆鼻的經驗嗎～\n或是想知道版上有沒有人有用全gortex發炎的狀況過 謝謝\n\n\n--\n'],"['sassa:', 'Goretex 材質好！  ']","['smilifly:', '我也有在考慮看要哪種材質 但我已經選  好要去找謝宇軒醫師做二度隆鼻手術 看  他們案例二度隆鼻的都效果蠻好的  ']","['owo99:', '最近才在思考蘇醫師，隆鼻的醫生跟材料都   思考了許久   ']","['anita333:', '諮詢過蘇醫師覺得人很好 但諮詢師不ok     ']","['psh0968:', '只要是手術都有併發症風險']","['huwei0411:', '最近也給許諮了二次重修 開20 好想等你 的心得看看 ']","['han77:', '蘇醫師很推薦ㄟ  我自己的朋友Gortex也都沒問題朋友做真皮也很美(不是蘇醫師的案例)']","['rioria:', '我也預備二次 打算選全goretex  覺得真皮效果太過自然了沒有很想要']",,,,,,,,,,,,,,,,,,,,,,,,,,,,,,,,,,,,,,,,,,,,,,,,,,,,,,,,,,,,,,,,,,,,,,,,,,,,,,,,,,,,,,,,,,,,,選擇,鼻,nose
10,66,"
[問題] 推薦隆鼻醫師
",['\n一直很想做隆鼻手術\n比較喜歡自然一點的鼻型\n心目中也有幾位醫師在觀察\n不過還是想請問大家有沒有推薦的人選\n\n（已爬文，想知道更多做過手術的經驗分享）\n\n--\n'],"['smilifly:', '推朱立箴醫師 去諮詢看看 ']","['owo99:', '我諮詢了10幾家後最後在台北蘇皇詮做了 但還沒消腫完畢 所以也不知道如何 不過案例']","['h233332000:', '陳振坤醫師   ']","['pdndn:', '謝東穎醫師+1 我有寫過文章可以參考   ']","['stepwei927:', '我在蘇皇銓做的']","['Noname5765:', '謝宇軒醫師^_^   ']","['wesleyhou:', '不推長X蕭 ']","['kidd1984:', '推薦許英哲醫師,他的技術跟美感是走在最  前面的幾個人之一  ']","['menzhon:', '推朱立箴不錯']","['lastweeb:', '推蘇 很滿意  ']","['rarz:', '朋友在美麗新做完滿漂亮的，林鴻穎醫師   ']","['advisor:', '推謝東穎醫師  ']","['han77:', '我也推薦謝東穎醫師ㄟ，鼻模擬還蠻精準的不過有點難預約 可能要提早幾個月好奇原po的口袋名單有誰?  ']","['sh0101:', '推薦a one許瑞賢醫師  很自然  ']","['sassa:', '妳在哪個區域？  高雄許英哲 台北A one 許瑞賢 星采邱大睿 `  ']","['sogooooxxd:', '謝東穎！     ']","['nhouh:', '台中的美麗線，同學在那邊做的，好看又自然']","['IFeltSad5566:', '之前有朋友去蒔蘊給謝宇軒做隆鼻還 不錯 鼻型自然而且診所環境不錯沒 有推銷的氛圍～ ']","['chi2chi77:', '陳振坤醫師    ']",,,,,,,,,,,,,,,,,,,,,,,,,,,,,,,,,,,,,,,,,,,,,,,,,,,,,,,,,,,,,,,,,,,,,,,,,,,,,,,,,,推薦,鼻,nose
16,176,"
[問題] 求推薦冷門但不錯的隆鼻醫生
",['\n\n\n代po\n\n如標題，請問各位有給哪位冷門但是很不錯的醫生隆鼻過嗎？\n（這裡冷門是指版上推文跟文章提到次數偏少甚至沒有被提過的意思）\n想請問版友推薦哪幾位？或是去諮詢過覺得哪幾位醫生不錯？\n\n特別想請問冷門醫生的原因是因為爬過ptt、fg跟dcard好幾輪後看到的醫生其實滿重複的\n，雖然知道這也是醫生技術好、案例多，但是還是想認識更多優質但沒有被提過太多次的\n醫生。\n\n另外因為是代po，沒辦法收到站內信，所以麻煩想分享的好心版友打在推文裡，非常感謝\n！！\n\n\n--\n'],"['smilifly:', '推朱立箴醫師 我跟我朋友是找他用的  ']","['p77:', '韋志曄！我跟我姐妹鼻子都是他用的,非常自然~ 目前第6年了有需要照片可以來信 ']","['caloptics:', '有一種尋找價值股的概念   ']","['owo99:', '蘇皇銓 謝東穎  ']","['luvvvvme:', '韋志曄跟謝東穎的鼻型真的最精緻好看 真 心不騙 ']","['andante12:', '邱昱勳醫師']","['Abie18:', '美塑館劉家瑋醫師，不算冷門但很值得推薦 ']","['wei19:', '林進達一點都不推 把我鼻子做成鷹鉤鼻   ']","['holycat:', '謝東穎～目前正在諮詢～  ']","['sourkeykey:', '許英哲   ']","['tolove740331:', '高全祥  ']","['joanco1026:', '林鴻穎  ']","['winnie30891:', '邱醫生不算冷門吧    網上有很多業配  文～  ']","['shaddock608:', '推薦一下我的醫生，陳雍元，刀房的同事說他執刀都很細心']","['rarz:', '林鴻穎  ']","['blueteyi:', '張馨仁醫師、陳雍元醫師 ']","['sh0101:', '我是找aone許瑞賢醫師，有需要照片可以站   站內信給我   ']","['sassa:', '光彩時尚 郭宏義院長 夠冷門吧   甯之美 林進達醫師   樓上CDDD 聖宜倪宗聖醫生 BC時尚黃定承院注   群英 陳大正醫師 首爾蕭宏道院長 越診所李`   ']","['psh0968:', '蕭正偉醫師，專隆鼻重建和三度空間拉皮    美妝部落客愛吉賽兒就是給蕭正偉醫師做    蹷誚葉垂    建    ']","['lalilala:', '也想知道 謝東穎都排到七月了 ']","['IFeltSad5566:', '朋友給謝宇軒做過隆鼻 是在桃園的診 所 當初是諮詢好幾家就這間不推銷態 度也好 鼻型也做的自然可以去試試 看～ ']","['try0612:', '結果都還是版上常出現的醫生XDDD  ']","['lannysmile:', '邱大睿  ']",,,,,,,,,,,,,,,,,,,,,,,,,,,,,,,,,,,,,,,,,,,,,,,,,,,,,,,,,,,,,,,,,,,,,,,,,,,,,,推薦,鼻,nose
32,471,"
[問題] 請問台北有推薦的鼻整形醫師嗎?
",['\n鼻子已經因為歪斜動過三次刀，雖不至於毀容但始終沒弄好(還是歪)\n\n最近又出現不自然的凹痕，想換醫生試試看 (之前是雅丰的高、長庚的蕭)\n\n網路搜尋很多都是過度推銷實則一點都不厲害 (畢竟也經歷過三次手術了)\n\n希望這次能遇到擅長歪鼻矯正、重建手術、事先3D模擬的醫生\n\n--\n'],"['sassa:', 'A One的許醫師專精鼻整形和重修 可以諮詢柄 ']","['ultrastar:', '大佬的女兒算是優點？    連整形界都要看血統，長見識了我 ']","['psh0968:', '重建推長庚主任蕭正偉 ']","['Shabbydress:', '喜歡極緻林日新的作品（醫生我的菜XDDDDD）']","['cat0130726:', '慕顏 韋醫師 原是耳鼻喉科 可以諮詢   看看 3D有   ']","['luvvvvme:', '謝東穎 韋都不錯 不過個人最喜歡謝的鼻  型  ']","['weimo:', '名門世家的意思吧我猜 ']","['alicefish19:', '13樓的juv不同項目都一直推同間診所   到底是想怎樣   ']","['menzhon:', '我5年前給郭菁松做~有在版上分享過!可以 建議樓主先去諮詢 ']","['Juvenven:', '隆鼻重修應該找知美莊家榮   知美本來就有做很多手術項目，我覺得他  們做得很好啊?  ']","['han77:', '韋醫師好像有在做3D模擬 鼻形也超精緻']","['Paradox:', '賴昕隄醫師的鼻水作品都蠻好看@@人也很專 業@@ 鼻子啦幹XDDDD 而且她是整外大佬賴春生的女兒0.0...之前 有去諮詢過真的感受很好很細心 樓上兩位，我的意思只是她很有名：） 不用過度解讀^_^ ']",,,,,,,,,,,,,,,,,,,,,,,,,,,,,,,,,,,,,,,,,,,,,,,,,,,,,,,,,,,,,,,,,,,,,,,,,,,,,,,,,,,,,,,,,推薦,鼻,nose
89,1265,"
[問題] 請問隆鼻推薦醫師哪個好？
","['\n幫妹妹問，\n自從開始戴口罩的那段期間\n他一直覺得鼻子不夠挺\n簡單來說就是口罩捏不出一個尖鼻的形狀所以我妹想整鼻啦…XD\n有在網路上找到幾位隆鼻醫生\n想幫妹問陳振坤,蔡豐州,張簡士煌哪位技術較好？\n請問版上有給這三位醫師做過的經驗嗎？\n主要是想找傷口恢復時間較短的\n\n--\n']","['owo99:', '我給皇妍蘇做的，當初在板上被燒到，是個龜    毛嚴謹的醫生 蠻放心的    ']","['orzoo:', '推 蘇醫師  ']","['PO12S1F:', '我是給蔡做的，我朋友給陳做 我朋友恢復   時間比我快   ']","['mushroooooom:', ' https://i.imgur.com/uPclbdh.jpg     https://i.imgur.com/wYYX0HF.jpg    ']","['vivi0630:', '推蘇醫師+1  ']","['hedy0930:', '雖然沒有隆鼻的想法  但看過幾個林日新  醫師的作品  覺得是很小巧秀氣但不會假  的鼻型  滿喜歡的  ']","['morce:', '給陳醫師做過喔，是做半肋骨隆鼻  當初是跟醫師有互相溝通好，做一個客製化  的鼻子  ']","['striveptt:', '樓主妹妹也太容易玻璃心XD   ']","['Shabbydress:', '喜歡極緻林日新的作品  可以去看看醫師作品  ']","['s18950628:', '我也想知道～   ']","['exceed:', '去年給陳振坤醫師做，做完效果很自然 不會假 ']","['han77:', '張簡醫師非常專業 ']",,,,,,,,,,,,,,,,,,,,,,,,,,,,,,,,,,,,,,,,,,,,,,,,,,,,,,,,,,,,,,,,,,,,,,,,,,,,,,,,,,,,,,,,,推薦,鼻,nose
90,1293,"
唇鼻整形醫生選擇
",['\n文長...\n\n因為本身是先天性唇顎裂的患者\n雖然從小到現在有做過很多次手術已經接近看不出來的樣子\n之前20歲的時候也有在長庚羅醫生那做過正顎跟唇鼻美容\n但自己還是覺得鼻頭跟下唇太厚\n所以一直有想再動刀的想法\n\n目前諮詢過的醫生有\n1. 謝東穎 醫生\n只建議做唇\n鼻子覺得動了不會差太多\n2. 蕭正偉 醫生\n講的很多好像很厲害 唇鼻都可以做\n但後面有某醫生不推\n3. A ONE 許瑞賢 醫生\n只做鼻子的醫生\n進去諮詢三分鐘直接建議不要做\n4. 謝宇軒 醫生\n很喜歡他諮詢的氣氛\n建議我先去找陳國鼎\n也跟我聊了很多 不過細節的部分沒談太多\n5. 張簡仕煌 醫生\n有拍斷層 講的也很清楚 唇鼻可以一起做\n看推文有人說他鼻小柱做起來有點歪歪的（？\n6. 韋志曄\n外面等了很久 進去諮詢大概5分鐘\n建議鼻子不要做 做了不會差太多\n7. 蘇皇銓 醫生\n記得沒有做鼻子（？\n嘴唇的部分建議等牙套拆掉後再做\n稍微講了一下忘記細節了\n8. 北醫 陳國鼎 醫生\n謝宇軒醫生推薦的醫生 在唇顎裂方面很厲害\n還先特地去長庚申請病歷\n有拍全頭斷層掃描\n醫生在診間跟我講了半小時（對不起後面的病患嗚嗚\n說唇顎裂有先天的限制（疤痕組織...\n很考驗經驗 很多醫生不敢動 他可以動\n可是不能拿一般人的標準看待\n一定不會到很對稱之類的 所以也不用拿什麼明星的照片給他看\n唇鼻建議分開動 全身麻醉呼吸管會擋到嘴唇\n9. 教主 朱立箴 醫生\n諮詢5分鐘後 很直白的說他沒動過唇顎裂\n不敢動 很喜歡他的直白哈哈哈哈\n\n以上是我在7、8月的時候諮詢的印象\n本來是已經有兩位人選\n可是實在怕落差太大\n想問看看大家的意見\n或是有其他的推薦\n然後再找時間諮詢第二次\n\n\n--\n'],"['owo99:', '剛好也諮詢過1和7的唇鼻，後來鼻子給7也在   等牙套拆   ']","['orzoo:', '7  ']","['psh0968:', '在長庚醫院，蕭正偉醫師重建很有名  ']",,,,,,,,,,,,,,,,,,,,,,,,,,,,,,,,,,,,,,,,,,,,,,,,,,,,,,,,,,,,,,,,,,,,,,,,,,,,,,,,,,,,,,,,,,,,,,,,,,選擇,鼻,nose
93,1345,"
[問題] 台南 隆鼻 推薦
",['\n我在16年前做過I形隆鼻、當時額頭低、\n至今我做了額頭雷射除毛、五爪拉皮、現在額頭較高、因此當初鼻子比例不適合現在的臉\n型、鼻子沒有問題、都好好的、只是希望根據現在臉型重新調整鼻子、因此希望要有[懂\n美感]的醫生、因本人住台南、請問台南有推薦的嗎？\n如果沒有、其他地區也可以啦！\n\n--\n'],"['auspicious1:', '高雄鼻王？   ']","['xadeli:', '可以上台中找！   我的醫生朱立箴很不錯   https://moptt.tw/p/facelift.M.159990438   5.A.001   https://reurl.cc/VXA0dn   ']","['bear013:', '推非凡尚水的朱醫師，我覺得她做出來的鼻   子很美，很自然   ']",,,,,,,,,,,,,,,,,,,,,,,,,,,,,,,,,,,,,,,,,,,,,,,,,,,,,,,,,,,,,,,,,,,,,,,,,,,,,,,,,,,,,,,,,,,,,,,,,,推薦,鼻,nose
114,1766,"
[問題] 不手術的選擇？（鼻子）
","['\n\n鼻子一直很塌\n', '\n', '\n前年10月打了伊蓮絲\n', '\n', '\n\n過了一年半的挺鼻子生活\n\n最近覺得好像鼻子沒了\n', '\n', '\n', '\n本來有想過是否要手術\n但對於全身麻醉感到害怕\n一直克服不了這個心魔\n\n所以想問\n有推薦的其他方式及醫生嗎\n（我在台北）\n\n\n謝謝\n-----\nSent from JPTT on my iPhone\n\n--\n']","['owo99:', '朝天鼻根沒有山根，跟妳一樣的情況，建議 手術，打的我反而覺得把手術危險 ']","['m930345575:', '你的鼻型直接手術才能改善  ']","['Asahikari:', '我覺得嘴巴不要開開的比較好看   ']","['geniustay:', '鼻線   ']","['nuanua:', '手術吧，好鼻子值得，我看做過的朋友都沒 ']","['TCbestSUP:', '手術 但要慎選醫生 他的鼻型 再怎麼打鼻影效果也有限 ']","['auspicious1:', '打微整或是埋線，都無法改善妳鼻孔外露朝天，不要浪費錢']","['cat0130726:', '朝天 微徵改不了 找好醫生 手術你會  更美的  ']","['nonso:', '一看就鼻翼下墜 還是手術吧   ']","['sssuan:', '鼻孔下側感覺不是平的，化妝的話效果有限    ']","['luch1003:', ' https://i.imgur.com/kEmkD4s.jpg  ']","['B08092005:', '朝天鼻只能動刀，神級化妝術或微整都沒    用    ']","['bommy7071812:', ' https://i.imgur.com/mRmvwXu.jpg']",,,,,,,,,,,,,,,,,,,,,,,,,,,,,,,,,,,,,,,,,,,,,,,,,,,,,,,,,,,,,,,,,,,,,,,,,,,,,,,,,,,,,,,,選擇,鼻,nose
115,1783,"
請問桃園有推薦縮鼻翼的高手嗎
",['\n本小弟鼻子鼻孔鼻翼跟風獅爺沒兩樣考慮好多年，終於鼓起勇氣想要去動動小刀，請各位\n前輩大大幫小弟推薦，真的相望早日脫離舞龍舞獅的行列\n拜託大家\n\n--\n'],,,,,,,,,,,,,,,,,,,,,,,,,,,,,,,,,,,,,,,,,,,,,,,,,,,,,,,,,,,,,,,,,,,,,,,,,,,,,,,,,,,,,,,,,,,,,,,,,,,,,推薦,鼻,nose
120,1813,"
Re: [問題] 不手術的選擇？（鼻子）
","['\n來回一下自己的文\n\n謝謝大家的建議\n所以我最近開始諮詢了\n\n目前諮詢了兩間\n1.林x新\n 建議我鼻頭延伸然後向下\n 使用兩邊耳朵軟骨\n 至於山根、鼻背，則說不用動\n\n2.許x賢\n 一樣建議我鼻頭延伸向下\n 使用兩邊耳朵軟骨+鼻中隔軟骨\n（他認為只有耳軟骨做出來不會那麼好看）\n 許醫生說我額頭太平了\n 所以一樣山根鼻背都不用動\n 除非他幫我打開鼻子發現我依蓮絲還有\n 我事前也有同意取出的話\n 會再加gortex (忘記怎麼拼了）\n 我不知道是不是因為他有動到鼻中隔軟骨\n 因此價格上比1號醫生多上不少..\n\n\n目前已預約如下\n3.謝x穎\n4.朱x箴\n5.張簡xx\n\n想問的是，是否其他推薦的醫生很會處理朝天鼻跟短鼻子的嗎\n以及我有點疑惑，如果只做鼻頭延伸，這樣改變能很明顯嗎，如果也有這樣的鄉民，可以交流一下嗎\n\n    謝謝\n\n\n', '\n-----\nSent from JPTT on my iPhone\n\n--\n']","['auspicious1:', '加油妳鼻子做完一定超美    不覺得妳有下巴跟中臉凹陷的問題，    鼻子多諮詢幾個醫生    ']","['ymx3xc:', '個人觀察 妳的額頭跟眉骨不是飽滿深邃那種   硬把鼻子從山根做的很挺 恐怕會很突兀   恐變成 鼻子是好看了 但整體不和諧的情況   為了解決和諧度 很多人可能就會再做下巴   但這種情況就會變成 鼻子挺下巴也出來了   但側臉就變更凹了   ']",,,,,,,,,,,,,,,,,,,,,,,,,,,,,,,,,,,,,,,,,,,,,,,,,,,,,,,,,,,,,,,,,,,,,,,,,,,,,,,,,,,,,,,,,,,,,,,,,,,選擇,鼻,nose
121,1847,"
[問題] 推薦男性隆鼻醫師
",['\n爬了一陣子的文章看到大家推薦的醫師的案例都是放女生的照片\n雖然女生的也做得很自然但是因為我長得比較粗曠陽剛 不曉得各位達人有沒有推薦做男\n性隆鼻經驗豐富的醫師 順便歪個樓 隆鼻完要多久才能清粉刺@@\n\n--\n'],"['menzhon:', '我5年前給教主郭做的！到現在都很自然，也沒什麼副作用做鼻子通常不只動到鼻子，看五官的比例，可以先去諮詢郭醫生']","['banbancaca:', '幾個月後再清吧 隆鼻後膚況比較不穩定  ']","['valinor:', '六個月後清粉刺比較保險，畢竟太早的時候  不要去壓他  ']","['Dandanwong:', '我給謝宇軒做的 醫師有特別說可以墊  眉心看起來比較man 其他醫師只是單純  說用兩段或三段式隆鼻  ']","['Litigat:', '我男友隆鼻完三個月去清粉刺 可以和美容  師說自己鼻子是做的 不要過度用力其實沒  什麼影響  ']","['Novaluti:', '男性隆鼻你可以選異體真皮材質，照顧起  來比較方便，安全性高也很少感染的案例  ']","['Photori:', '隆鼻不外乎鼻頭塑型 架構 功能調整 鼻孔  型狀改小等等 覺得要實際跟醫師諮詢再決  定  ']","['plasticbag:', '之前問過幾個醫師 有的說我做一段式就可以 有的說兩段式 也有的說三段式 價錢落差就很大 不過我覺得以我來說三段式隆鼻看起來 會比較自然 ']","['oneeight:', '我原本超會過敏，給謝宇軒做完朝天鼻改   善之外，冬天也不會動不動一直流鼻水   ']","['homie06175:', '之前去雅丰有看到滿多男生的案例 可去    問看看    我自己是差不多消腫才清 還是盡量不要    去壓鼻子    ']","['headshala:', '男隆鼻案例真的是一片沙漠  少數診所  有而已  要說的話台北知美網站還算豐富  而且36  0度角度照都有  ']",,,,,,,,,,,,,,,,,,,,,,,,,,,,,,,,,,,,,,,,,,,,,,,,,,,,,,,,,,,,,,,,,,,,,,,,,,,,,,,,,,,,,,,,,,推薦,鼻,nose
146,2251,"
[問題] 天生鼻撞擊斷裂，求重修醫師推薦，感謝！
",['\n\n大家好，不好意思，我想請問這邊有沒有人天生的鼻子因為意外撞擊斷裂而做過手術。\n\n我是1/4中亞混血，有天然的鷹鈎挺鼻（可以想成土耳其冰淇淋大叔的女版），鼻頭圓而鈍，鼻翼稍寬，在整個臉上還算協調。\n\n因為鷹鈎鼻樑加上天生鼻柱往下拉，鼻子在整張臉比例上很長，鼻骨高，鼻樑在亞洲女生中算寬（可以a我的ID看我很久以前在本版的文，有放照片）。\n\n之前去打肉毒時有被「兩個」「不同」醫師建議這種鼻子在亞洲女生臉上太陽剛不好看，可以稍微修一下。經過醫師建議後，有放照片到版上來詢問大家意見。大部分人都說鼻子還算ok，加上自己考量動刀也有風險，所以就直接忽略醫師意見。\n\n只是前幾天不小心出意外整張臉受到撞擊，眼睛有瘀血（應該會自己好），雖然撞過的鼻子看起來正常，但自己輕摸鼻樑一直會很痛，稍微折一下有感覺到鼻樑斷掉的地方。除了鼻傷跟臉的瘀血，身體其他部位目前可以正常動作，我的工作也屬於低活動性質，所以可以工作如常。\n\n我想找醫師幫我照一下鼻子斷裂的程度（撞擊時有聽到喀喀聲），還有想找可以重修天生鼻子出意外的醫師，而且不要改變原本容貌太多，因為我全家：外婆、媽媽、阿姨、舅舅、所有表親的鼻子都長這樣，如果我動手術變得跟家人長得不一樣，會很奇怪，感覺失去這個家的特色。\n\n不知道有沒有版友也是鼻子受過撞擊，做過手術並推薦哪間醫院/診所/醫師的？\n\n我知道這個版上大部分人都是鼻子沒被撞過，只是找醫師做美容手術而且一次就成功的案例。我在渺茫的機率下想問看看有沒有人天生鼻被撞過，並找醫師重修成功的。\n\n如果有人覺得此文更適合發其他版，我也會轉到其他版。或是有鼻子重修的line群可以加也請私訊我（拜託拜託，現在真的會痛，超級QQ）。我知道我的問題真的比較罕見，先謝謝大家！\n\n目前就是鼻子看起來正常，但輕摸會痛的等級，所以重修有點急，希望大家多給意見，謝謝！\n-----\nSent from JPTT on my iPhone\n\n--\n'],"['rosy:', '先去大醫院整外照x光或CT暸解狀況，不嚴重會  自然恢復的  可以用健保不必自費  ']","['valinor:', '去找耳鼻喉科看一下  不用找整外，鼻構造專業耳鼻喉還是比整外  更強  ']","['MissLemon:', '發問還要版友已經a你爬文以前照片，我 看你還是別問了 *自己 ']","['Urmila:', '頸對不起，不小心按到手機，囧']","['bluepomelo:', '林口長庚有整型外傷科 ']","['tch3313:', '先去醫院看會比較好  ']","['NX9999:', '題外，妳之前的文都修掉了沒照片呀XD    沒關係啦XD如果在這邊有人能幫助到妳解決    問題比較重要    加油！！@@ ']","['nanaq:', 'a了沒照片……篇數很多都沒看到 ']","['jyuan1993:', '謝謝大家的建議，我先就近找個醫院照一   下斷裂狀況。不好意思樓上兩樓，之前因   為有同事跟我說會看我發文所以我害羞把   照片撤掉了   然後很久以前撤掉照片自己都忘了，抱歉   現在大家回去找我文章也看不到之前的鼻   子   謝謝，已經心理建設好最差的結果了，應   該會帶媽媽去給醫生拍照說要跟媽媽做一   樣，但我會先去照x光的，謝謝大家   ']","['areyouthere:', '一定要去看醫生！我也是天生挺鼻、  偏大，小時候被躲避球砸傷，雖然很痛  ，但外觀沒有異樣，就放著讓它自己好  ，長大後一直覺得鼻子微歪(尤其鼻子  偏大所以自己覺得滿明顯)。後來遇到  專業的醫生，說雖然內傷自己痊癒了，  但疤痕組織會攣縮，才會讓鼻子變歪。  ']",,,,,,,,,,,,,,,,,,,,,,,,,,,,,,,,,,,,,,,,,,,,,,,,,,,,,,,,,,,,,,,,,,,,,,,,,,,,,,,,,,,,,,,,,,,推薦,鼻,nose
163,2430,"
[問題] 台中隆鼻推薦
",['\n剛到這個版大家好\n\n從以前就被身邊的另一半說鼻子不夠挺\n\n最近有意願想試試看了\n\n剛剛爬文了一下台中隆鼻的文章都是8年10年前的文章……不知道是我不會用還是真的是如此\n\n不知道版友有沒有知道比較厲害的醫生甚至有分享文的有圖更好\n\n不知道現在諮詢是否會有類似電腦合成圖可以參考\n\n還有胖的時候整大蒜鼻跟瘦下來後不知道會不會有落差？ 以上是我自己想了解但找不到答案的問題.....\n\n希望大家能樂意的分享經驗給小弟我 謝謝\n\n\n--\n'],"['dhabc:', '我醫師朋友是推薦群英的林雍球醫師，說他慢   工出細活   ']","['kidd1984:', '萊佳許英哲醫師有來台中開了,可以找他諮詢,如果希望一次到位的話,他的技術跟審美都是走在最前端的~']","['cynthia227:', '只能提醒原po如果有去臉書醫美整形社 團搜尋，留言如果是一面倒的好評不要 輕信，很多ya配大軍 ']","['xadeli:', '我是找朱立*箴醫師幫我做！朱技術很好做完  後很自然！我有分享過  ']","['record16:', '推美麗線陳雍元，專門做高難度的鼻整形  重建，之前在國泰醫院也很多人找他手術  ']","['PapaPong:', '不是每間診所都有模擬 有些是確定手術才   有 有些是另外收費 記得台中格嘉是諮詢   時就有 也做蠻多隆鼻   ']","['Kayla:', '建議要現場諮詢過再決定，魔鬼藏在細節裡阿  ']","['Abie18:', '真的!美麗線的陳醫生真的很細心   會清楚說明手術狀況 這點跟其他醫師很不同   ']",,,,,,,,,,,,,,,,,,,,,,,,,,,,,,,,,,,,,,,,,,,,,,,,,,,,,,,,,,,,,,,,,,,,,,,,,,,,,,,,,,,,,,,,,,,,,推薦,鼻,nose
172,2598,"
[問題] 台北重修鼻子醫生推薦
",['\n一開始做完都很正常\n形狀雖然跟預期的有落差但還能接受\n但之後不知道是不是對矽膠排斥\n開始變形+鼻頭有點往上縮\n導致現在鼻孔也變得很明顯，所以很想重修…\n有回診所詢問醫生，他是說可以幫我調整\n但因為實際做了之後覺得醫生的美感不是我喜歡的上網看了案例想問林X穎、韋X曄這兩位\n醫生有推薦嗎?\n\nPS. 原先的醫生沒有不好，所以我不打算公開醫生\n\n--\n'],"['cetogalaxy:', '推薦陳大正，多年前給他隆鼻，從來沒  有發炎過，最近喜好變了，還是選他幫  我做第二次，拆掉鼻模就像已經術後一  個月完全不腫  ']","['fhlinte:', '好奇樓上反推的原因   ']","['luvvvvme:', '推謝東穎    ']","['huifti49:', '重修通常都是選肋骨吧，但重修有難度，    建議找案例多經驗豐富的醫師    ']","['tingwj20:', '還是實際走一次診所諮詢最快XD，我是覺 得既然都要花錢，那就做到好，而且肋骨 的話真的很看醫生技術 ']","['xindcjc1:', '矽膠好像蠻很多人不合，重修盡量用自體 的比較好~多找幾個醫生諮詢看看~ ']","['yingbq5471:', '韋醫生可以去諮詢看看 重修案例蠻多的 ']","['cat0130726:', '韋醫師耳鼻喉科出身的 會比較了解 ']","['ke670306:', '推君綺醫美的陳建璋醫生，他是專業的整   形外科醫師，美感也好，讓專業的做才不   會後悔   ']","['lucy0929:', '推薦可以去AR 鼻美學 張展瑋醫師 諮詢  ']","['pinkbetty29:', '推雅丰曾，我之前有發過文可以搜我ID   https://imgur.com/zpGxw7v   ']","['ultrastar:', '推薦韋醫師    許醫師台北好像也開診了 ']","['rosy:', '重修推許英X,韋志X    ']","['valinor:', '許英哲比較強  ']","['sxn1000:', '林跟韋都是耳鼻喉的啊   許x哲也是   ']","['chunfief58:', '我是隆完的樣子不滿意，鼻孔很不對稱   原先的醫生有說要幫我重做但我會怕，   後來是找慕顏韋醫師重修，結果很滿意   他算是經驗很豐富   ']","['hanna64:', '反推林    ']","['xadeli:', '可以諮詢我的醫生朱立箴! 幫我做完第一次醫師生自己覺得不太滿意， 馬上就幫我安排第二次手術 可以諮詢我的醫生朱立箴! 幫我做完第一次醫師生自己覺得不太滿意， 馬上就幫我安排第二次手術 做完到現在都很滿意 https://reurl.cc/82pe4R ']","['official1:', '你可以去看看張衍爐醫生的重修案例，   根本神之手。不過他大病初癒不知道現在   還有沒在動刀就是了，有的話可以找他   修。   ']",,,,,,,,,,,,,,,,,,,,,,,,,,,,,,,,,,,,,,,,,,,,,,,,,,,,,,,,,,,,,,,,,,,,,,,,,,,,,,,,,,推薦,鼻,nose
180,2711,"
[討論] 韓式隆鼻手術跟注入式哪一個推薦
",['\n出社會以後好不容易存了一筆錢，總算可以好好隆鼻了!!\n因為小女子的鼻子很塌，尤其是山根的部分根本直接平地\n導致我的正面照看起來都很死魚眼，臉也很圓，這也是我最討厭拍證件照最大的原因\n有考慮過注入式隆鼻手術，不過一段時間就要回去補好像有點麻煩\n而且好像最近韓式隆鼻也很多人推薦，但是價格上就偏貴\n想問問大家怎麼看?\n\n--\n'],"['Sustainable:', '推薦直接隆，注入會變寬而且到時如   果要做鼻子醫生還要把已注射的溶掉   ，會多收一筆費用～   推薦多好好做功課整理想問的問題後   ，把版上推薦過的醫生都諮詢一遍，   有比較才知道自己喜歡哪一位醫生，   美感什麼的，還要能與妳溝通。   ']","['jsjs1003:', '這版風氣就是一直叫你隆，但其實做失敗 的人超多，只是不會講出來。 哈哈才打到一半馬上又有人說隆～see~ ']","['love11234:', '直接隆 玻尿酸以後寬鼻會很後悔   還會在消腫吧 不然這樣有點納美….   ']","['Buguess:', '比較推薦韓式隆鼻!!!!我姐前年去科博館附  近的菲x美做完現在整個鼻子頗自然~ 不用  畫鼻影就很挺  ']","['chocoflavor:', '覺得直接隆耶！一想到針劑有失明風險  就不會嘗試  ']","['berylscody:', ' https://i.imgur.com/9rSXGDo.jpg   這是我韓式10天回診 供參考   我才做十天耶當然會消..  ']","['sxn1000:', '很多醫生鼻頭都無法做的很精緻 ']","['yeyo1760:', '注入式好像聽說久了鼻樑會變寬，如果要做隆鼻手術的話，建議你多找幾間醫生諮詢看看，多聽聽醫生的建議再做決定會比較好']","['ispan:', '我就是做失敗的那個喔哈哈哈  鼻樑條件不夠，無論是注射填充物還是埋線  都很有限，最後你還是會想動刀(因為會想到  一直注射填充要花很多錢)  如果你只是單純鼻樑條件不夠，但沒有鼻朝  天或是歪，說不定I型假體加耳軟骨可以做得  不錯  兩種其實都有風險，注射每次都是風險，手術  相較反而較小  然後千萬不要諮詢時腦波一弱就付錢  ']","['auspicious1:', '直接做，還有機會好看，用打的是完  全不好看  ']","['ccmchicken:', '推首爾的歐韓式隆鼻，做完後鼻子比一    般3段式的還要更自然，現在不用畫鼻    影鼻子就很挺    ']","['richway:', '注入式是指純粹玻尿酸嗎？還是有埋線？  ']","['mosquito429:', '推薦韓式，注入式的話其實算下來很不划算，因為會比他們說能維持的時間還要短，填充物開始被吸收的時候你就會開始想要回去補充了(也就是花錢)']","['threelinpig:', '結構式隆鼻可以諮詢韋醫生，醫生人親 切又專業而且美感很好，可以問問 ']","['yvian:', '很久以前也有糾結過，後來下定決心要手術就完全不打任何填充物（擔心日後手術要清除或感染等等）做了手術之後，認真推薦手術']","['ellen275:', '或是先打玻尿酸看看習不習慣挺鼻的樣子   再考慮做手術   ']",,,,,,,,,,,,,,,,,,,,,,,,,,,,,,,,,,,,,,,,,,,,,,,,,,,,,,,,,,,,,,,,,,,,,,,,,,,,,,,,,,,,,推薦,鼻,nose
189,2769,"
[問題] 台北結構式隆鼻醫生推薦，求實例
",['\n從小到大 大家看到我第一眼都會先稱讚我的眼睛說很漂亮 但說完後面又會再接一句但妳\n的鼻子是蒜頭鼻有點可惜\n所以就萌生了想要整鼻子的想法 爬了文之後看大家都說蒜頭鼻比較適合做結構式隆鼻 想\n問大家 台北有推薦的醫生嗎(我想要自然一點的)?如果有能不能放個照片讓我參考QQ\n\n--\n'],"['qianxsb4:', '可以網路上多看看醫生們的案例，看哪個 喜歡就都去諮詢看看 ']","['wowwwow:', '推陳振坤醫師，諮詢時，他會針對臉型、 五官設計鼻型，諮詢下來覺得還蠻仔細有 耐心的，態度也很親切，我現在術後一個 月，效果很自然喔 ']","['xadeli:', '推教*朱*箴  https://reurl.cc/em4n9M  ']","['cai81ydmfd:', '推韋醫生，我最一開始隆鼻是在別家做的，結果做出來的鼻子是歪的！假體明顯就算了，整個鼻樑的線條超級不順，當時天天以淚洗面，後來看了別人的推薦，才找了韋醫生諮詢重修，他看了我的情況後，推薦我做半肋鼻整形重修手術，才終止了我的噩夢 諮詢和手術的過程中處處都能感受到韋醫生的細心和專業 現在重修完後真的超滿意，成果也很自然，分享給妳https://i.imgur.com/GtGxWn6.jpg']","['mincbiqw25:', '最喜歡看這種成功的案例 ca大辛苦了  幸好後來有遇上對的醫生！現在鼻子側  面看起來好漂亮  ']","['minszif6:', '哇~樓上ca大的鼻子好成功 一般來說重修    鼻子比一般隆鼻還吃技術 樓上的很好看    也很自然    ']","['Noname5765:', '推韋醫師！   ']","['pillarex:', '想請問c大方便提供正面的照片嗎   ']",,,,,,,,,,,,,,,,,,,,,,,,,,,,,,,,,,,,,,,,,,,,,,,,,,,,,,,,,,,,,,,,,,,,,,,,,,,,,,,,,,,,,,,,,,,,,推薦,鼻,nose
216,3145,"
[討論] 台北隆鼻診所推薦[雅丰、嘉仕美、慕顏]
",['\n\n疫情感覺又要牙起來了\n保險起見想先把自己最有興趣的診所諮完\n如果ok最好可以趕快把手術排一排\n有點擔心會繼續拖下去\n以下是我預計先諮詢的診所\n\n[1]雅丰\n評價不錯\n之前在板上有看過隆鼻重修的案例\n原po朝天鼻手術完變混血美女\n所以特別有印象默默放入收藏名單\n\n[2]嘉仕美\n名氣很大的診所\n在雅丰附近所以我排諮完雅丰後就去諮李醫生\n李醫生的案例鼻子都偏網美一點\n想去問問看我適不適合XD\n\n[3]慕顏\n板上也滿多人推薦韋醫生\n只是醫生很難排我現在還沒約到時間\n有在網上看到醫生的影片\n感覺醫生的談吐很吸引我\n\n大家有去過這幾間嗎?\n\n\n--\n'],"['rosy:', '推韋醫師，鼻專科學養俱佳，不會像某醫亂罵 人。 ']","['selena720:', '我那時候是排雅丰第一間諮詢，出診間我  有跟諮詢師說我還要再去諮其他間，諮詢  師不但沒有面露難色或是強迫我趕快決定  ，反而是跟我說手術來就是要多聽再決定  ，後來我回家考慮綜合諮詢的感受跟醫生  的手術建議我最後還是決定在雅丰手術  曾文尚、陳承謙跟黃俊源在雅丰都有診，   就我印象曾的美感偏翹鼻，陳跟黃走自然   路線，這三位醫生評價都還滿不錯的   ']","['auspicious1:', '我是李醫師作品，但韋醫師也不錯， 妳都諮詢看看 https://i.imgur.com/O0cwu8z.jpg 我已經術後一年，之前有分享，但當 時比較不自然，現在更自然 韋有幫我朋友重修，做的很漂亮 ']","['wuvv:', '我諮詢過很多間都是做三段式的，後來在首x  有問到多段式的隆鼻，說是做完會比三段的更  自然~諮詢師推薦我給余X毅醫生做，請問一下  有人給余醫生做過隆鼻嗎?  ']","['lucy0929:', '推薦可以去AR鼻美學張醫師 諮詢看看～   ']","['elsa524:', '推樓上!1、2、3都滿有名的，原po可以先想 好自己想做哪一種鼻子，跟醫生討論會比較 有方向! ']","['tina5u5205:', '我也想問雅丰，醫生好多不知道要諮誰   ']","['Noname5765:', '推韋醫師～很仔細！  ']",,,,,,,,,,,,,,,,,,,,,,,,,,,,,,,,,,,,,,,,,,,,,,,,,,,,,,,,,,,,,,,,,,,,,,,,,,,,,,,,,,,,,,,,,,,,,推薦,鼻,nose
261,3813,"
[問題] 男生求推薦隆鼻醫生
",['\n一直想去隆鼻一段時間\n我山根不高 怕排斥偏好自體 比較喜歡自然一點\n\n也看了一些案例\n\n有沒有各位大大推薦的醫生 在 台中 台北\n\n目前想去諮詢\n台北謝東穎\n台中 郭菁松\n\n有沒有男生隆鼻也擅長的醫生呢\n\n--\n'],"['ultrastar:', '許英哲醫生']","['circlechou:', '游瑞欽醫師 ']","['CYaaron:', '台中大推美麗線的陳醫師 我就是找他做的 自體肋骨吸收率低 鼻子挺度維持不錯 ']","['pdndn:', '我也是給謝醫師做的 很推  ']","['RaNdY90411:', '台中林雍球醫師，光評估就仔細到不行  ...  ']","['menzhon:', '郭醫師是在台北，我是找郭醫師隆鼻和墊下  巴  教主有在台中的是朱醫師，這兩位做鼻子都  蠻厲害  ']","['ionenergy:', '謝東穎頻道好幾個男生隆鼻的影片 如果  追求自然的話很可以找他！  ']","['jeff62531:', '雅丰的曾文尚也還不錯，我是給他做的，  當初也是想要自然一點才去找他，而且  醫生也會根據你的臉型五官調整，之前去  評估幾家都很像在套模板…  ']",,,,,,,,,,,,,,,,,,,,,,,,,,,,,,,,,,,,,,,,,,,,,,,,,,,,,,,,,,,,,,,,,,,,,,,,,,,,,,,,,,,,,,,,,,,,,推薦,鼻,nose
266,3927,"
[問題] 台中隆鼻醫師選擇(陳雍元/林雍球)
","['\n  想了多年的隆鼻，終於開始諮詢了\n目前主要找台中院所，爬文後考慮這2位醫師\n如果可以希望大家可以給點建議\n\n選手一\n美麗線 陳雍元醫師\n專門做高難度的鼻整形重建，D卡跟PTT都有推薦\n這家有實際去諮詢，醫師真的超溫柔+很有耐心\n諮詢時有給我看自體肋軟骨 重修鼻頭縮鼻翼的案例\n鼻頭變很精緻 很吸引我\n價錢:18萬\n\n選手二\n台中群英 林雍球醫師\n這位醫師是我的第二選擇\n近期版上隆鼻分享推薦的醫師\n上網查醫師經歷主攻隆鼻跟隆乳\n看案例發現好像偏好做自然的鼻形\n價錢:20萬 (有點超預算所以還沒去諮詢)\n\n如果有給這兩位醫師做過拜託給點意見\n或者如果有建議台中其他醫師也可以\n麻煩大家\n----\nSent from ', ' on my iPhone 6s\n\n--\n']","['iss3881:', '推陳醫師 價格合理而且又很仔細 案例都超   美   ']","['wpmgmvn:', '自體肋軟骨+重修18萬真的超便宜..，但如  果是我還是會兩家都先諮商看看再說  ']","['littlejo:', '推林雍球，從手術前到手術後的照顧都很Nice且專業']","['shaddock608:', '推陳醫師，陳是耳鼻喉專科醫師，又  去韓國進修過（忘記一年還兩年），  陳對隆鼻真的很厲害！  ']","['MKIU:', '獲得 22100 Ptt幣  ']","['milk77:', '推林醫師，美感好又細心    ']","['qwer100051:', '我的鼻子是給陳做的 朋友都說很自然  ']","['Kayla:', '推美麗一個 在那邊手術過眼袋 覺得服務很好  ']",,,,,,,,,,,,,,,,,,,,,,,,,,,,,,,,,,,,,,,,,,,,,,,,,,,,,,,,,,,,,,,,,,,,,,,,,,,,,,,,,,,,,,,,,,,,,選擇,鼻,nose
275,4111,"
[問題] 請推薦台南的內開縮鼻翼
",['\n\n鼻子算挺 有山根\n可是鼻翼小些比較秀氣\n想縮鼻翼很久了\n\n我知道一定會留下疤痕\n諮詢過醫師是叫我鼻雕\n但考慮過並非永久性\n還是開刀縮鼻翼一勞永逸\n\n版上爬文有內開式 較不留疤痕\n但是南部似乎很少\n請大家推薦台南高雄不錯的醫生\n方便回診\n謝謝大家!\n\n--\n'],,,,,,,,,,,,,,,,,,,,,,,,,,,,,,,,,,,,,,,,,,,,,,,,,,,,,,,,,,,,,,,,,,,,,,,,,,,,,,,,,,,,,,,,,,,,,,,,,,,,,推薦,鼻,nose
279,4181,"
[分享] 隆鼻材質(比較選擇、後遺症)
","['\n嗨大家好，我又來了，老樣子如果想知道隆鼻的材質、費用、恢復期跟術後照顧，再回搜\n我的ID看看咧~\n\n上次發文後有人問我有沒有沒有後遺症的隆鼻材質，甚至是連我身邊的朋友都在問，一樣\n幫大家整理各種材質的特點，也想跟大家說「沒有哪一種材質絕對沒有後遺症，只有適合\n你鼻子條件的材質」，如果可以，大家還是要多問幾家診所，多聽不同醫生的建議唷。\n\n隆鼻材質簡單可以分成生物性跟非生物型，生物性簡單來說就是人體組織，非生物性就是\n人工合成。\n\n', '\n\n', '\n\n˙鼻中膈軟骨\n˙耳軟骨\n˙肋軟骨\n\n自體軟骨的優點是在於不用擔心攣縮或是排斥的風險，但因為是自體，時間久了是有機率\n被人體吸收，之前去諮詢的時候醫生有提到因為耳軟骨比較軟，所以很常被用來墊鼻頭，\n但因為比較軟所以也比較會被吸收，有些人做完一段時間之後會覺得鼻頭變垂，所以在設\n計的時候醫生會把鼻頭做高一點，以後吸收之後的高度會比較剛好。\n\n', '\n\n˙異體肋軟骨\n˙異體真皮\n\n異體的優點是可以不用多一道取軟骨的傷口，有些人可能自身的軟骨量不夠，就會選擇異\n體材質，只是異體的吸收率又比自體來的更高一些，有些人可能不太適合，在手術前可以\n先詢問醫生。\n\n\n', '\n\n', '\n\n以前L型矽膠滿多人用的，我身邊有長輩年輕的時候就是做這種，但因為L型的頂點會一直\n頂在鼻尖，久了假體會很容易穿出，所以現在幾乎很少人做這種，而且因為材質的關係，\n沒有孔洞讓人體組織可以長進去，所以容易造成夾膜攣縮，假體也會因此滑動位移。\n\n', '\n\nBistool是矽膠的改良版，材質又比矽膠更軟一些，可以跟人體組織貼合，比較不會有鼻\n模的斷層，但是因為本質上還是矽膠且偏軟，在鼻子的塑型上會有比較多的限制，也還是\n有機率造成莢膜攣縮。\n\n', '\n\nGoretex則是比較多人在用的材質，跟上述兩個不一樣的地方是，Goretex與人體的相容性\n高，表面的孔洞也很小，有利於人體組織的密合，觸感也比較自然且不易移位。\n\n', '\n\n卡麥拉是矽膠跟 Goretex的綜合版，矽膠外面用Goretex包覆住，讓人體組織可以長進去\n跟身體密合，觸感上會比Goretex再硬一些，但因為本質是矽膠，所以還是有機率攣縮，\n有些人的皮膚比較薄，做完可能會有假體感。\n\n整理我目前做過的功課跟大家分享，我之前去諮詢發現，不見得每一個診所都會有這些材\n料，要看醫生的習慣，有的醫生只擅長那幾種，在規劃手術的時候就會以醫生擅長的那幾\n種材質為主，也有遇過會看病人條件選適合材質做搭配的醫生，大家在做功課的時候可以\n都去問問看唷!\n\n--\n', '取肋骨因為需要比較多精力恢復，診所會提供高壓氧艙課程，讓身體代謝好一點，會比\n較快恢復~\n']","['jyhd773:', '想問一下，上次我去雅丰諮詢，醫生有提到  半自肋隆鼻，鼻背放假體，鼻頭墊肋軟骨，  相較用耳軟骨墊鼻頭的方式，用肋軟骨比較  不會被吸收那麼多，鼻背也可以避免用自肋  彎曲，滿吸引我的，因為我很怕鼻頭被吸收  醫生有拿給我看取肋骨的傷口，因為只拿一    點點所以傷口是滿小的，我看其他人復原後    也幾乎沒什麼留疤。    手術過程如果消毒沒做好有細菌是會感染，   ，但如果做完很久才發炎，絕大部分是因為   體質還有生活習慣，抽菸喝酒都會誘使發炎   ']","['sophiapychen:', '好像滿多人會因為費用退而求其次選  不那麼喜歡的醫生or材質，如果可以  的話真的還是選自己最喜歡的吧  ']","['emily99540:', '可是這樣不是會多一道拿肋骨的疤?  ']","['dryclww:', '請教各位學姊，有沒有哪一種材質是比較不 會發炎感染 ']","['yvian:', '我用異體肋骨+耳軟骨，山根用goretex，兩年   了還很滿意   ']","['Ruwuyloo:', '這篇整理很清楚 感謝e大分享 好人一生  平安  ']",,,,,,,,,,,,,,,,,,,,,,,,,,,,,,,,,,,,,,,,,,,,,,,,,,,,,,,,,,,,,,,,,,,,,,,,,,,,,,,,,,,,,,,,,,,,,,,選擇,鼻,nose
305,4390,"
[問題]有沒有推薦高雄隆鼻不錯的醫美診所
",['\n有小孩的媽咪們都知道小朋友到了一定年紀都很喜歡問東問西\n最近我家小孩突然問我鼻子怎麼扁扁的很像小豬的鼻子...\n我知道童言無忌但是還是有點在意\n讓我下定決心去做已經猶豫很久的隆鼻手術\n讓鼻子變挺一點\n想問大家有沒有推薦的高雄診所或高雄醫師，做隆鼻手術很厲害的？\n請有經驗的各位請不吝嗇的分享給我吧～～\n謝謝\n\n--\n'],"['Raschka:', '如果我的小孩說我像豬鼻子我真的會氣到吐 血XD ']","['ultrastar:', '許英哲']","['judycch:', '同求高雄隆鼻+1鼻子塌真的好難看QQ']","['kyrinhuang:', '君綺蘇X彬院長！個人覺得高雄代表就  鼻神除了許之外，就蘇醫生囉！  ']","['k997293:', '高雄地區推蘇毓彬醫師，我之前隆鼻就是給 做的，真的做的很好我超滿意 ']","['taehoat:', '雖然我不住高雄沒辦法給你推薦 不過懂樓主的感受 有時候小孩無心的一句話真的會讓媽媽很在意']","['bill81915:', '如果有預算考量，我會建議可以問看看   徐永昌醫生喔！我做三段式隆鼻，醫生   走自然派系的，不會很假但很精緻。   ']","['darkesthour:', '版上滿多分享文的 可以站內問看看他們都是去哪做 ']","['hinetcsw:', '隆鼻手術聽起來好可怕    可是能變漂亮又好令人心動    ']","['h1113:', '結果小孩長大也遺傳到媽媽@@  ']","['y6065457:', '高雄人~我鼻子給蘇毓彬做的蘇醫師美感真的不錯，技術也很好身邊不少朋友被我燒到去諮詢XD']","['beikuix:', '隆鼻很吃醫生技術 記得找評價好一點的醫生 ']","['yunling0613:', '高雄最有名就是許英哲了吧   ']",,,,,,,,,,,,,,,,,,,,,,,,,,,,,,,,,,,,,,,,,,,,,,,,,,,,,,,,,,,,,,,,,,,,,,,,,,,,,,,,,,,,,,,,推薦,鼻,nose
307,4408,"
[問題] 請推薦台中做微整鼻子的醫美診所
","['\n以前只知道手術隆鼻\n現在才發現原來還有玻尿酸隆鼻或埋線隆鼻\n很多變高挺鼻的方法\n\n最近決定衝一波 先試試看微整改善\n考慮地理位置只想找台中診所\n想麻煩大家給點意見\n1.格嘉  何格彰\n2.美麗線 陳雍元\n3.賴炳文整形外科\n\n但這幾位感覺做鼻子都蠻厲害的\n想詢問有人找他們微調過嗎(非手術\n先謝謝了\n', '\n', '\n--\n']","['p5360708:', '台中林雍球，他不推埋線隆鼻，但玻尿酸    打得超好    ']","['shaddock608:', '推陳雍元，先找他做鼻子，做完3年很   滿意，今年又找他做了下巴，同事都   說看不出來鼻子跟下巴有動過   ']","['xujia:', '推美麗線陳雍元醫師 隆鼻有名 人好技術優 Dcard蠻多人推薦 ']","['linmew123156:', '也想知道鼻埋線的診所  ']","['ccchn0204:', '台中韓娜斯一館、鼻雕！！我自己做過好  滿意  ']","['Chikm:', '格嘉跟美麗線都還不錯 ']",,,,,,,,,,,,,,,,,,,,,,,,,,,,,,,,,,,,,,,,,,,,,,,,,,,,,,,,,,,,,,,,,,,,,,,,,,,,,,,,,,,,,,,,,,,,,,,推薦,鼻,nose
311,4440,"
[問題] 求推薦台中異體真皮墊補法令鼻溝
",['\n如題\n\n爬了不少文 但分享似乎都在台北或高雄\n臉書社團曾看過醫師分享墊法令是門很高深學問\n想問問看有沒有版友墊完後的經驗\n\n笑容會不會怪? 鼻翼有無變寬?\n墊子是否會位移?\n\n如果有推薦的醫師和診所也歡迎大家推薦 謝謝\n如果台中都沒有也只能北上求診了...\n\n--\n'],"['care0708:', '同問，我也想知道 ']",,,,,,,,,,,,,,,,,,,,,,,,,,,,,,,,,,,,,,,,,,,,,,,,,,,,,,,,,,,,,,,,,,,,,,,,,,,,,,,,,,,,,,,,,,,,,,,,,,,,推薦,鼻,nose
313,4458,"
[問題] 台北半自肋隆鼻診所推薦
","['\n鼻子有打過玻尿酸也做過埋線隆鼻\n雖然鼻子變挺了\n但鼻型還是沒有很好看\n研究了很久決定直上半自肋隆鼻\n目前有諮詢幾間\n\n1.雅丰\n醫生給人感覺很古意\n回答問題清晰仔細\n看的問題點也很多\n我一坐下醫生就問我是不是有做過埋線\n因為鼻樑的地方有凹凸\n有提到後續清創的處理\n諮詢師有特別提到術後照顧跟麻醉醫生\n面診感覺很不錯\n沒有太商業化的氣氛感覺很照顧病人\n\n2.星采\n醫生比我想像中的還要年輕\n滿溫柔的\n回答也是很詳細清楚\n有建議我墊眉山根、縮鼻翼、敲鼻骨\n爬文發現邱醫生貌似很愛敲XDD\n案例很多都還不錯\n但我感覺鼻型不太適合我\n看下來清一色都是網美鼻居多\n諮詢師說這群人的董仔就是給邱醫生做的\n\n還有法喬跟博恩妍還沒去諮詢\n也順便問問大家的經驗\n\n\n\n\n--\n', '謝謝分享!\n我也是找曾\n那天諮詢師有跟我說了一下他們術後的服務\n跟其他家比起來是真的很周到\n看來是真的不錯\n', '材質兩家都是給一樣的建議(gore-tex)\n不過因為我皮膚薄\n雅丰有提到鼻樑會用筋膜去鋪\n比較不會有假體感\n', '謝謝分享!\n我應該會排下月去諮詢\n', '諮詢師說手術費用已經包含消炎點滴、高壓氧\n如果術後恢復的比較慢\n醫生也會看狀況加排照顧課程\n', '許好像都在高雄\n', '為什麼?\n可分享嗎?\n']","['ultrastar:', '萊佳許神    ']","['tinafly8:', 'L大好，請問雅丰的術後照顧包在手術費，  還是要加購買課?  ']","['djcarol:', '想問醫生建議的假體? ']","['jurassic:', '雅丰如果是曾醫生的話滿推薦的,第一次跟  重修都給他做,都算滿意的,雅丰術後服務  也不錯  ']","['vivi12345:', '半自肋隆鼻恢復期感覺就要好久～好勇敢   不過如果術後照顧都有去做應該會比較   輕鬆～   ']","['CyberPlot:', '大推博恩妍！！！診所也有鼻部電腦斷層照皮膚厚薄度和鼻子結構醫師是耳鼻喉科專門做鼻子的很有耐心解釋我每個問題加上有特別建議可以搭配薄的異體真皮調整細微的地方可以說是對整個鼻型考慮的很周到']","['PINKLED:', '不推邱大X   ']",,,,,,,,,,,,,,,,,,,,,,,,,,,,,,,,,,,,,,,,,,,,,,,,,,,,,,,,,,,,,,,,,,,,,,,,,,,,,,,,,,,,,,,,,,,,,,推薦,鼻,nose
319,4504,"
[問題] 求台中隆鼻診所推薦
",['\n之前胖的時候整個臉都感覺泡泡腫腫的，鼻子也是感覺很大一個，後來瘦了之後下巴線都\n已經變很清晰了，唯獨鼻子還是很大一個，我只能認命…我就是一個大鼻子…常常都感覺\n我自己是不是看起來很像章魚哥==總之因為真的不喜歡自己的鼻子，就常常在看一些隆鼻\n的分享，雖然看了很多，但可能自己有點愚鈍吧，覺得大部分都蠻好看的@@所以就來版上\n詢問各位大大的意見，或是做的好看、術後服務也做得不錯的診所希望可以和我分享分享\n><\n\n--\n'],"['seba2510:', '鼻子建議多諮詢幾家，每個醫生的美感跟  說法都不大相同，我自己蠻推薦君x的陳  建璋院長，醫生不會強行置入自己的想法  要說服你那種，會問你喜歡的鼻型，然後  幫你分析做的做不到，很細心  ']","['LilyAllen:', '推一個格嘉何醫生   之前給他做過結構式隆鼻   目前做完三年多了   整體看起來都很自然也沒有後遺症   ']","['u044:', '推群英，針對我的鼻型分析專業也很細心，雖 然護理師比較一板一眼，但是恢復過程中都很 耐心的協助，回診時醫生也超NICE。結果比我 預期的更好，很自然，而且恢復也很快～ ']","['Biolinkto:', '懂你的感覺!!尤其被別人不經意的說你鼻 子好大 心情直接差到不行 ']","['privane:', '同推樓上何醫生 醫生從諮詢到手術完態度都很好，而且他們 診所諮詢和做模擬也不另外收費，蠻推薦樓 主可以去諮詢看看 ']","['shaddock608:', '陳雍元，我108年給他做的，頭好壯壯 ，陳醫生也有持續關心 ']","['GTRNO1:', '陳x元醫師很普通 要便宜的可以找他  ']","['hhh69:', '祝樓主順利找到醫生 我最近也在為此煩惱 要放什麼假體我也超煩惱的 ']","['yitinglin76:', '我覺得隆鼻你要自己去診所跟醫師聊  實際聊過你才會大概知道診所的態度 是好還是不好 你就能大概推測他術後 會不會積極幫你解決問題 ']",,,,,,,,,,,,,,,,,,,,,,,,,,,,,,,,,,,,,,,,,,,,,,,,,,,,,,,,,,,,,,,,,,,,,,,,,,,,,,,,,,,,,,,,,,,,推薦,鼻,nose
320,4511,"
隆鼻醫生選擇
",['\n從之前陸續諮詢了好幾位版上出現的醫生\n到現在總算整理出幾位\n但還在猶豫不決，想問看看大家的意見\n\n前提：本身先天性唇齶裂\n\n目前的手術方法差不多\n主要差在材料\n\nA醫生：（顱顏外科）\n材料用自體或異體肋骨（自己挑）\n用切碎軟骨的方式\n\n自體肋骨醫生說有鈣化的風險（26歲）\n異體品質較好，約多5萬\n吸收率好像又更高，但醫生說不會（？\n\nB醫生：（醫美 耳鼻喉科）\n材料用自體肋骨，整根雕刻\n有提到彎曲的風險但機率小\n\n--\n'],"['taco6937286:', '先天性唇齶裂隆鼻比較複雜，對稱性   和鼻基底穩定度更難達到，請找陳國鼎   或蕭彥彰皆可   ']","['hotcoco:', '除了挑選優良的醫師，個人覺要和自己談的來也蠻重要，最好要找整形外科專科醫師隆鼻也可找邱大睿醫師']",,,,,,,,,,,,,,,,,,,,,,,,,,,,,,,,,,,,,,,,,,,,,,,,,,,,,,,,,,,,,,,,,,,,,,,,,,,,,,,,,,,,,,,,,,,,,,,,,,,選擇,鼻,nose
323,4537,"
[問題] 想請問推薦整歪鼻醫師！有圖
","['\n各位版上的大大們好\n\n因為身邊沒有人做過相關的手術所以才想上來徵求大家的意見\n\n大約在國一的時候鼻子有撞到，但是沒流鼻血後續也沒影響呼吸所以就沒有很在意\n到國三的時候拍證件照時!!! 拿到照片那一刻直接跑去廁所爆哭 鼻子整個大走針\n明明小六的證件照鼻子是直的，後面怎麼變這麼歪........真的自卑到爆\n到現在都還是很不喜歡拍照\n最近終於有存到錢打算好好認真用一下我歪到爆的鼻子T_T\n-\n跟你們分享一下我的鼻子\n鼻樑跟鼻頭歪不同邊，所以需要敲骨\n', '\n', '\n然後因為我鼻頭太軟了沒有支撐的東西 所以笑的時候鼻子會往下跑(有點像巫婆?)\n', '\n', '\n', '-\n\n目前只有去諮詢過美麗線的陳o元醫師\n看板上對他的評價都不錯，我也覺得他蠻細心的\n醫生是建議要敲鼻骨，因為鼻樑那邊已經不對稱了\n然後會使用自身肋骨+珍珠肋骨讓鼻頭站起來，整體精緻化。\n價格:23萬\n\n已經有爬過蠻多文\n下個月也已經預約好以下的診所諮詢\n\n風格 詹o立醫師\n群英 林o球醫師\n\n因為動手術要全麻，所以都是以台中為主\n不想放假體進去，但是耳骨或肋骨都可以接受\n想請教大家做鼻子的手術價格大約都坐落在哪裡?\n（技術好的比較重要）\n有其他推薦的耳鼻喉、醫美醫師以及做過相關手術的建議也可以跟我分享 :)\n\n謝謝大家\n\n--\n', '謝謝你:) 醫生有說目前高度是可以的不會再墊高，就是要把歪歪的地方弄直XD\n', '完全沒有，也沒有過敏跟不舒服 \n']","['gigihu:', '我覺得你鼻子側面看起來很美吔，我還特地要求要做成這樣']","['pdndn:', '跟我鼻型有點像耶 可以參考我之前的文章 是  找謝東穎醫師做的 很滿意  ']","['tatsum:', '推薦北醫耳鼻喉洪國維醫師 專長歪鼻的矯   正跟鼻中隔彎曲 在大醫院做可以放心   ']","['Blondeslip:', '可以google張簡仕煌 也是耳鼻喉科的   本身是歪鼻加鼻中膈彎曲   非北部人 但特別跑北部給張簡仕煌做鼻   子   診所有斷層掃描可以看到整個鼻子的構   造和狀況   醫師也花滿多時間解釋和討論手術的方   案的～供參～   ']","['family5566:', '想請問歪鼻是否有造成您呼吸上的問題？']","['mywater:', '高全祥醫師你可以蒐他fb看看   ']","['anastacia62:', '推薦慕顏韋醫師 他是耳鼻喉跟整外雙 專科 很值得信賴 術前還會親自拍照 人很親切 ']","['ruby0526:', '台中可以找萊佳許英哲醫生  ']","['zero66:', '推群英林醫師，醫師人很好很細心']",,,,,,,,,,,,,,,,,,,,,,,,,,,,,,,,,,,,,,,,,,,,,,,,,,,,,,,,,,,,,,,,,,,,,,,,,,,,,,,,,,,,,,,,,,,,推薦,鼻,nose
326,4603,"
[問題] 隆鼻手術方式建議或推薦
",['\n最近公司發獎金拿到一筆錢，想去隆鼻\n但爬文看到有埋線、玻尿酸跟手術還有一堆方式\n想問隆鼻過的大家，當初都是怎麼決定方式的？\n哪種比較好呢？\n\n--\n'],"['Patte:', '看網路上說埋線過會增加隆鼻手術難度  好像是因為線材關係什麼的  如果你之後還是會想手術的話乾脆就直上手術  吧  ']","['yabi125:', '推 林鴻穎醫師自然派 桃花之再生父母啊   ']","['pagawati:', '感覺越來越多人其實不在意有點假…反而 聽過太自然覺得白做或者之後還想更立體 ']","['k997293:', '我諮詢過的醫師都還是比較推手術   ']","['morri:', '印象中埋線可以調整的幅度不大  ']","['eeuueee:', '先打玻尿酸，妳就會知道到底要埋線還是  手術了，千萬別先埋就好  ']","['meg5201314:', '我前陣子有去諮詢 因為想一次做到好 所以應該會考慮手術 ']","['bnw999:', '直接上手術吧！推薦君綺的蘇毓斌醫生，堪 稱鼻王第二，做完就是精緻好看。 ']","['juuuu1208:', '只想改變一點點、自然的比較不會特別  ']","['bdbd000024:', '因為追求一勞永逸 所以沒做過埋線沒打過玻尿酸直接決定隆鼻 上網爬文參考評價後是給美麗線的陳雍元醫師做的']","['jsjs1003:', '怎麼沒人提手術很多都很假？自然看不出來是做的應該不到兩成吧？版上分享文也是不自然居多啊']","['cherry0000:', '查了某樓發過的留言有夠像躁鬱症 ']","['Nemuidesu:', '手術的話可以找博恩妍張簡，真﹒自然派 阿不過我是埋線後去的還需要特別清創 不建議埋線 ']","['tatsum:', '推薦北醫耳鼻喉的洪國維醫師 手很巧 ^_^   ']","['Powevers:', '聽說過玻尿酸鼻子會越打越寬 不知道是不   是真的   ']","['Raschka:', '找個好一點的醫師 不要在意價錢   專業跟技術還有美感最重要   多看醫師的案例 就幫你到這了   ']","['seamaple:', '回樓上 沒錯 玻尿酸打幾次後 會變納美人玻尿酸會殘留 以後要手術要先清創刮除']","['GTRNO1:', '張簡超爛的 他做的鼻頭都超級大 到底板上多少業配張簡的啊 有點良心好嗎']","['b30606b:', '建議你還是要找醫師諮詢比較好  之前我是在群英給蘇毓彬醫師做的手術  當初聽完蘇醫師的評估建議後我就直上隆  鼻手術了  直接一勞永逸  到現在都沒什麼問題  ']","['ruby258:', '隆鼻直上手術，不會後悔 ']","['molelin:', '手術要不假的推薦慕顏韋醫師，他是結構   式隆鼻，案例很自然，而且擅長做重修，   技術很好   ']",,,,,,,,,,,,,,,,,,,,,,,,,,,,,,,,,,,,,,,,,,,,,,,,,,,,,,,,,,,,,,,,,,,,,,,,,,,,,,,,推薦,鼻,nose
329,4639,"
[問題] 高雄隆鼻有沒有推薦的醫師
",['\n天生是蒜頭扁鼻，從小被笑到大，鼻子真的成為我的顏值天花板…\n最近存到一筆錢，打算在2022年末讓自己變美迎接新的一年\n想問大家有沒有推薦的高雄隆鼻醫師呢～感激不盡\n\n--\n'],"['ultrastar:', '許英哲醫師  ']","['circlechou:', '游瑞欽醫師   ']","['joeychwang:', '卡個高雄隆鼻 最近也想去處理一下我   的醜鼻QQ   ']","['taehoat:', '隆鼻很吃醫師技術 看過不少一修再修的案例 醫師真的要慎選']","['bill81915:', '我滿喜歡徐永昌醫生幫我做的鼻子，鼻 子做挺完之後肥肥的鼻翼也縮起來，不 過就是恢復期的時候不敢揉鼻子有點麻 煩。 ']","['vivianl2882:', '記得多諮詢幾位醫師，找個美感跟擬相   同的，做出來的成果才會讓你滿意～～   ']","['seamaple:', '厲害的醫師 大概農曆年前的刀都排滿了  ']","['wij51271:', '群英楊沂勳醫師參考看看，聽說很厲害  ']","['bluemify:', '高雄隆鼻就許英哲跟蘇毓彬最有名吧兩個都去諮詢看看阿']","['a3674:', '可以給高醫 林漢琛醫師諮詢看看 家人鼻子 非常塌陷做自肋重修，非常自然，醫生很厲害 ']","['chrisfox713:', '我朋友的大塌鼻是給蘇毓彬醫師做的，做得很自然，感覺蘇醫師的技術還不錯唷，推薦你去諮詢看看！']","['y6065457:', '感覺年底是醫美業的旺季XD  ']","['lady123:', '收尋鼻王  ']","['bnw999:', '高雄唯一推薦君綺的蘇毓斌院長呀！ ']","['cassie199149:', '蒜頭鼻苦主+1…看到漂亮的韓系直鼻 真的超想直接殺去隆鼻 ']","['vivi8020:', '可以爬看看板上的分享文~蠻多好看的  ']",,,,,,,,,,,,,,,,,,,,,,,,,,,,,,,,,,,,,,,,,,,,,,,,,,,,,,,,,,,,,,,,,,,,,,,,,,,,,,,,,,,,,推薦,鼻,nose
330,4652,"
[問題] 隆鼻重修醫師推薦
",['\n*代姐詢問*\n\n如題，想問北部有隆鼻重修的醫師可以推薦嗎\n\n我姐原本是做L型矽膠隆鼻增高鼻樑，但最近鼻頭下垂的很嚴重\n嚴重影響外觀，吃飯以外連在家都一直戴著口罩\n\n不太想找原本的醫師重修（因審美觀不太一樣、重修溝通期不長就一直想安排療程取出）\n所以想重新找一問隆鼻重修的醫師，因為是重修，所以真的不敢再恣意冒險了\n希望推薦的是臨床經驗豐富、隆鼻重修專門的醫師\n或是自己有實際給醫師動過手術的經驗分享\n\n我看她很沮喪，也不太知道要怎麼安慰她\n再麻煩版上有類似這種經驗的版友可以分享醫師和重修要注意的事\n\n再麻煩各位了！\n\n--\n'],"['ultrastar:', '許英哲醫師也在台北看診  ']","['bnw999:', '姐姐辛苦了!我建議你問看看君X的陳X璋醫 生，男友是給他做鼻子的，美感上我覺得都 有符合男友的需求，所以應該是可以放心。 不過你還是可以多多比較，畢竟重修這條路 比較不好走。 ']","['lazylady4:', 'https://i.imgur.com/D7XtHku.png 推樓上的陳醫師 非常專業 我兩年前也是 被別的醫師整歪找陳振坤醫師重修的 重修前真的會很沮喪 醫師諮詢的時候我 全程都在哭 也因為第一次的經驗不太相 信醫師 還好重修的經驗是好的 但回想起來那段 過程還是很可怕~ 分享重修一年多後 現在的鼻子 ']","['vivian1020:', '長庚蕭醫師 蕭彥彰 ']","['Waacup:', '看了都心疼 我之前雙眼皮失敗也很崩潰 能   大概理解你姐現在的心情 希望你姐可以重   修好~加油   ']","['wjky:', 'L型矽膠假體很容易歪斜 現在都結構式隆鼻比  較多了  ']","['new2830:', '張簡仕煌+1 還有朋友特地從南部上來   張簡的診所有鼻部斷層可以照 重修的案例   也滿多   ']","['kitty22586:', '張簡仕煌   ']","['tennisjane:', '可以找知美莊醫師幫姐姐看看 還蠻多人  重修是專程找他修  ']","['rananyini1:', '推慕顏時尚美學診所韋醫師，整外跟 耳鼻喉雙專科很值得信賴，而且韋醫 師專長就是重修，平常分享很多重修 案例，你可以去看看 ']","['nature1011:', '快去看醫師！不要隨便取出 可能會導致 攣縮 重修可以去找陳振坤醫師 我同事 是給他重修的 現在復原得很好 ']","['kittymorphin:', '推謝東穎 許英哲  ']","['po851112:', '趕快先去看醫師 不知道有沒有發炎 ']","['jia37dbbbx:', '慕顏韋志曄醫生+1 喜歡他的自然派美感而且他很親切 連術前拍照都會親自拍態度很好']",,,,,,,,,,,,,,,,,,,,,,,,,,,,,,,,,,,,,,,,,,,,,,,,,,,,,,,,,,,,,,,,,,,,,,,,,,,,,,,,,,,,,,,推薦,鼻,nose
338,4750,"
[問題] 上班族桃園隆鼻推薦
",['\n大家好～我是男生快40歲\n一直以來都覺得自己鼻子很蒜頭\n拍照都要喬角度\n請問桃園有沒有推薦的醫美診所？\n\n另外一個問題，隆鼻一般恢復期要多久\n因爲是上班族，不太能請太多假\n戴口罩遮著鼻子，感覺還是會被同事發現\n大家都是利用連假前隆鼻嗎？\n謝謝大家的回覆\n\n--\nSent from nPTT on my iPhone\n\n--\n'],"['RonDii:', '都40了不用介意別人知道了,沒人會笑你   ']","['deonear:', '推樓上    不管幾歲、不管男女都有愛漂亮的權利    ']",,,,,,,,,,,,,,,,,,,,,,,,,,,,,,,,,,,,,,,,,,,,,,,,,,,,,,,,,,,,,,,,,,,,,,,,,,,,,,,,,,,,,,,,,,,,,,,,,,,推薦,鼻,nose
342,4811,"
[問題] 請教隆鼻的前輩，你們想重修的機率有多高
","['\n\n\n    想做隆鼻手術好久了，也陸續詢問過醫師，\n\n    但是一直非常猶豫，很擔心失敗的問題。\n\n    前陣子看到版上有個版友分享，說鼻王的女兒告誡:\n\n    ""隆鼻手術後重修的人不算少數喔!""\n\n    實在是潑我一桶冷水。。。\n\n    對於顏面的手術，我實在沒有勇氣做第二次!\n\n    想請問做過隆鼻的前輩們，你們有想過要重修嗎?\n\n    還是做了超過五年都還很滿意的呢?\n\n\n--\n']","['dogperson:', '有認識心理諮商師,說因為整形手術後去諮商的不少,鼻子佔其中很大一部分在整形之前,心裡建設很重要']","['wesleyhou:', '做完不是很滿意，也不是後悔，就是…   覺得不夠高XD   有想過要重修   ']","['adamaskk:', 'L型矽膠用了快四年，沒什麼問題，但是經 濟能力更好後，覺得可以更好，就打算重 修了，所以說整型是不歸路啊～ ']","['metallolita:', '我沒想修 ']","['eudorachiang:', '會想重修升級   ']","['terrie2169:', '我是攣縮，確定要重修   我也是卡麥拉攣縮耶，我以為是我本身 體質容易攣縮 ']","['oscar1008:', '卡麥拉攣縮 已經取出 真的會影響心情   低落好一陣子 手術費用也很高 現在也  一直在想要不要取自肋重做或是脂肪隆  鼻 費用真的會也很可觀  我就是做完開始慢慢縮到後面變的很緊   而且還有點穿出這樣 t美女妳打算怎麼  重修？我一直決定不下要不要拆肋骨 還  是去做脂肪填高  ']","['cat0130726:', '樓上美女 請問你多久後才攣縮  ']","['GAGA1:', '卡麥拉會攣縮!!嚇到 醫師說的人工骨是卡麥拉嗎? ']","['officina:', '我超過10年了 好好的 我覺得超划算的XD  我就一般L型＋耳骨 手術技術成熟重要吧  除非舊式有問題無法改善 不然沒啥好追新  是L型吧？確定要問醫生XD 做完有稍緊點  但應該沒有到巒縮 前面有加軟骨也安全吧  這種東西沒問題 我不會重做 沒差多少啦  當然我那時候就有一起弄 鼻翼也一起縮  而且我體質不算很穩定 術後還是養蠻久的  傷口紅蠻久的 你自己也要評估自己體質！  ']","['digitalgidi:', '想請問重修是因為覺得型不好看要修還 是因為材質攣縮出問題所以要重修？ ']","['wensday162:', '同問阿嗚嗚可是好想隆鼻   ']","['christinachi:', '我做完三年半了還是很滿意  ']","['nniouu:', '同樣想知道～板上分享都是做完不久的，想 知道手術後4-5年的分享 ']","['happywa:', '請問樓上是用什麼材料整鼻？謝謝 ']",,,,,,,,,,,,,,,,,,,,,,,,,,,,,,,,,,,,,,,,,,,,,,,,,,,,,,,,,,,,,,,,,,,,,,,,,,,,,,,,,,,,,,請教,鼻,nose
348,5009,"
[問題] 鼻子重修醫師推薦
","['\n版友好\n之前做過卡麥拉\n鼻頭有墊耳軟骨\n之後莢膜攣縮\n拿掉休養快一年左右\n因為好像還是沒拿乾淨\n山根有一小塊凸起\n所以在尋找看能不能做重修\n有版友推薦的醫師這樣\n目前問到的開20萬異肋\n但不能分期\n實在吃不消\n想請問各位版友們有重修經驗\n或是知道有重修診所願意推薦的嗎？\n因為鼻頭攣縮有點翹起\n希望可以是漂亮的\n不要露出這麼多鼻孔這樣\n我住新北 北市 桃園\n都可以接受\n也詢問看看版友建議\n麻煩了 感謝\n', '\n', '附上目前鼻子照片\n\n\n--\n']","['BTCETH:', '推顏正安  ']","['wesleyhou:', '推林鴻穎醫生，我沒有給他弄鼻子，但  是咨詢過程很仔細，看的出是個細心重  細節的醫生。  ']","['psh0968:', '推薦蕭正偉院長，美妝部落客吉賽爾就是  給他重修的  ']","['wishmeluck16:', '是放I型卡麥拉嗎?我以為只有L型會攣 縮QQ方便分享一下照片嗎？(攣縮的部 分) ']","['k9204174040:', '張簡   ']","['voice88:', '邱浚彥醫生不錯喔，而且術前有3D模擬影像    可以看術後的鼻形，術前可以清楚地依照    模擬影像溝通清楚，出來成果是非常好的，    避免了很多不安全與風險。    ']","['ANTBAK:', '林鴻穎+1  ']","['woowa1557:', '我是鼻頭白點快穿出，正打算給林鴻穎 重修 ']","['yaploop:', '我好朋友給台中吳峻豪重修，鼻子還不錯， 我也是專程南下給他用，（但好像太遠了.. ']","['mickeyss:', '推 專做隆鼻重修的顏正安 ']","['Oicgp:', '推 林鴻穎 醫師 ']",,,,,,,,,,,,,,,,,,,,,,,,,,,,,,,,,,,,,,,,,,,,,,,,,,,,,,,,,,,,,,,,,,,,,,,,,,,,,,,,,,,,,,,,,,推薦,鼻,nose
351,5032,"
[問題] 中永和玻尿酸下巴跟隆鼻推薦～
",['\n想打玻尿酸來隆鼻和墊下巴\n想問中永和有沒有推薦的診所？\n因為就住這邊\n所以想先問問看就近有沒有推薦的診所\n沒有好的話再往其他地區移動.....\n\n--\n'],"['porsche0417:', '永和有間簡單美，我給他做得很不錯  ']","['everyglide:', '頂溪 簡單美 醫師有美感 諮詢師也專業  ']","['viviandora:', '頂溪 愛爾麗院長 很細心 上次去也沒推   銷   ']","['IFeltSad5566:', '可以去教主找朱立箴醫師諮詢看看隆    鼻～他們家在捷運古亭站出來旁邊而    已，超方便！醫師是隆鼻手術權威，    成功案例很多你可以去他們官網看案    例照唷～我朋友之前就是被案例照吸    引給他做的，術後鼻型很自然，大推    ']","['earnestineco:', '我住永和但是跑去比鼻八千代打 反正  交通還蠻方便的  ']","['ringdell:', '其實整個大台北地區都可以看看啦 現在   選擇很多 我自己是去八千代 在東區搭車   什麼很快 他們家的好處就是不包套 集團   診所不少 可以挑個你方便的   ']",,,,,,,,,,,,,,,,,,,,,,,,,,,,,,,,,,,,,,,,,,,,,,,,,,,,,,,,,,,,,,,,,,,,,,,,,,,,,,,,,,,,,,,,,,,,,,,推薦,鼻,nose
355,5112,"
[問題] 北部隆鼻二次重修醫師推薦？
",['\n現在情況其實很糟\n\n不只心裡還是身體\n\n我覺得很憂鬱....\n\n隆鼻完已經一年多過去沒有像很多的人有太多喜悅\n\n原本的醫生把我鼻頭墊太高\n\n還有點歪斜\n\n甚至開始有點朝天鼻\n\n讓我覺得自己超慘\n\n現在的狀況就是\n\n1. 請原診所把植入物取出清創重修\n2. 找新診所重修\n\n但基本上我已經不想再找原本的醫生\n\n上網爬文第二次隆鼻很重要\n\n因為更怕被感染\n\n有第一次的失敗\n\n所以在這跪求隆鼻手術厲害的醫生\n\n爬過文有人推極緻\n\n剛好離我家算方便\n\n有最近諮詢過的心得嗎？\n\n--\n'],"['BTCETH:', '極緻現在有顏正安   朝天鼻應該是攣縮了   ']","['wishmeluck16:', '不推韋']","['mvpqw:', '最近去諮詢也是找極緻顏醫師，看過案例還 不錯喔，鼻型很自然 ']","['cat0130726:', '有照片嗎 會不會是自己擔心過度呢 ']","['yell2365:', '有聽說黃雯琪醫生還不錯  ']","['onelion:', '我還蠻欣賞極緻顏醫生的隆鼻手術~輪廓做    的很美:D    ']","['Ohana11:', '樓上+1']","['mickeyss:', '顏正安不錯  我朋友給某醫生修了三次沒做好，他一次  就改好9成以上  ']","['alice223231:', '張簡呢 可以諮詢看看  ']","['pinkbiobook:', '韋志曄醫師不錯 朋友做完很自然精巧 ']","['lenalin0728:', '顏醫生感覺很好溝通、但是價格也比 ']","['CCCOCK:', '不推韋    ']","['Oicgp:', '蕭正偉  ']",,,,,,,,,,,,,,,,,,,,,,,,,,,,,,,,,,,,,,,,,,,,,,,,,,,,,,,,,,,,,,,,,,,,,,,,,,,,,,,,,,,,,,,,推薦,鼻,nose
362,5317,"
[問題] 北部隆鼻醫師推薦？
",['\n工作關係常常要開直播，雖然說直播時\n\n只要開美肌濾鏡就可以蓋掉臉上一些不完美的瑕疵\n\n但為了不想被別人說本人跟直播的形象差太多\n\n在考量好一陣子與獲得家人支持後，決定去醫美診所隆鼻\n\n因為我的鼻子跟之前出事的冒×生一樣\n\n也是鼻頭大、山根短，沒化鼻影根本沒救的那種\n\n目前想要的鼻子是高、挺、翹的「網紅鼻」，偏偏這種鼻子還滿考驗醫生的技術\n\n希望調整後是不會看起來很死板\n\n跟臉部的其他五官很和諧不會打架\n\n不知道有沒有做這類鼻子、對五官美感比較專長的醫生？\n\n--\n'],"['k9204174040:', '我覺得參考作品外還是得和醫生溝通，   畢竟每個人天生條件不同～～   ']","['Amarinab:', '推邱俊彥，術前還可以透過3D影像模擬跟 醫師討論，可以做出你想要的鼻子 ']","['a915271:', '推韋 之前諮詢很詳細 最近做一個網紅很 美 看那個案例超心動 ']","['ming1988:', '不推228 做出來的鼻子和自己當初想的有 落差 ']","['BTCETH:', '推顏  ']","['stupidsnail2:', '網紅鼻一堆醫生會做啊 要多假有多  假  ']","['cat0130726:', '每個人喜歡的不同。多諮詢幾家和醫師  多聊聊 哪位講解你聽的懂 感覺又不錯   再來就是看案例你喜歡否  ']","['amychu1006:', '有，台北法泊邱浚彥，他的作品中就一堆網美臉...']","['jindokame:', '不推韋～可看我之前文章 ']","['love11234:', '張簡，網紅款推邱浚彥   ']","['kishouru:', '推美麗新林醫師已經做完半年非常滿意， 手術後臉部沒有明顯腫脹且真的不痛除了 碰到傷口 ']","['wishmeluck16:', '不推薦醫生，只是想提醒版上出現頻  率高的不一定就是最好的  多看醫生的案例，如果喜歡短鼻就別  找喜歡做長鼻的醫生，如果喜歡網紅  鼻就別找喜歡做自然款的  其實醫生的手法多少會影響到腫脹程 度 要打玻尿酸的話幹嘛做隆鼻啦XDD ']","['timur:', '棒 ']","['nanami1998:', '推極緻顏醫生 我覺得他看臉型跟五官  的比例很準 可以先找他的案例看看  ']","['yuri99:', '想搭板！我也想知道長鼻醫生有哪些   ']","['Oicgp:', '推顏正安醫師  ']","['gimmy69tw:', '極緻醫美顏醫師，經歷都跟整形外科相  關不用擔心醫生技術未提，看過他的案  例也都頗上鏡好看，應該符合你的需要  ']","['Guinevere:', '韋是自然派，手術後才說山根本來就不能 高，要打玻尿酸或墊gotex，完全不能做 你要的網紅鼻 ']","['kiki00:', '借問 請問網紅鼻是哪一種阿 竟然有這個新   詞   ']","['sky73910:', '可以參考韋醫生的作品   ']","['CCCOCK:', '不推韋非常糟糕的經驗    ']","['try0612:', '不推韋欸 朋友做完也是半年後不滿意  ']","['ms06368:', '我覺得版上挺多業配的，建議找自己喜歡   的醫生問哦   ']","['happywa:', '腫脹是因人而異，不是醫生技術 ']",,,,,,,,,,,,,,,,,,,,,,,,,,,,,,,,,,,,,,,,,,,,,,,,,,,,,,,,,,,,,,,,,,,,,,,,,,,,,推薦,鼻,nose
379,5775,"
[問題] 高雄隆鼻/高雄隆鼻醫師諮詢推薦
",['\nPTT新手請見諒\n是為了想要在高雄做隆鼻手術 才上來潛水爬文\n想要隆鼻的原因不只是鼻樑塌沒有山根這麼簡單\n我的朝天鼻已經伴隨了多年也被取笑了多年 預計想在年底或是明年初找醫師拯救一下\n但近期爬文遇到了一些難題，大家對於值得推薦的高雄隆鼻醫師也是持有不同意見，深怕\n被一些廣告還有診所自推文給洗腦\n索性自己篩選了幾位醫師，直接開版詢問大家意見，希望大家能客觀給建議\n以下篩選3位醫師，簡短分享爬文心得\n\n1.萊佳許X哲：基本上只要爬文有關高雄甚至是南部隆鼻醫師，都會看到很多人推薦，有\n點分不清楚究竟是廣告還是真實分享；許醫師做出來的鼻子真的滿精緻的，但評價也很兩\n極，而且價格方面是我目前所知最高的，有點不敢行動阿…\n\n2.群英蘇X彬：蘇醫師是我幾個月前有在版上看到一篇分享文，原本是蒜頭塌鼻，但在手\n術後鼻型很自然，說真的很不像整形過的，他在文章中都沒有提到醫師，我是站內問她才\n知道手術醫師是誰，目前就是這個案例最深得我心，但因為蘇醫師是比較常出現在留言推\n文裡，在版上的分享案例比較少，所以難以抉擇….\n\n3.法泊邱XX：也是版上呼聲極高的醫師，作品的部分我也滿喜歡的，原本是優先考慮諮詢\n邱醫師，但家人比較顧慮邱醫師的一些新聞風波，所以要我三思…\n但還是不放棄，還是放在我的名單內，想知道大家是怎麼想的….\n\n以上是名單中的三位醫師，想挑一間諮詢，麻煩大家給些意見\n\n--\n'],"['kelly895:', '我也是選2 我是小資族&安全很重要  ']","['mayginhome:', '1貴貴der，而且好像越來越貴，口袋不  深可以選擇其他  ']","['k997293:', '我選2, 諮詢時醫師針對我的問題一針見血    術後鼻子也很好看 有分享過    沒選1 口袋不夠深    價格上差不多我是選群英人員親切服務不錯 ']","['XoPXoP:', '1.3 都不要']","['celiaparty:', '1術後有問題不滿意，不會推卸責任。只是麻醉費用還是得自己出就是了']","['vitaminlove:', '想知道不要1的理由+1 ']","['vampirewei:', '1很好啊，只是貴而已  ']","['qmijojo:', '給1做 非常滿意 但是真的貴  ']","['kent789:', '1貴 技術真的強 3絕對不要  ']","['JudgmentLai:', '蘇醫師除了群英也有在維格？價格有差 嗎？ ']","['w83217:', '為何不要1？   ']","['try0612:', '3可以查一查之前的新聞  抱歉眼殘哈哈 剛剛看到原po有提到了 我  覺得如果有疑慮就不要比較好～  ']","['hoposho:', '推高雄美妍醫美診所賴醫師，我在那邊做注  站內信！  ']",,,,,,,,,,,,,,,,,,,,,,,,,,,,,,,,,,,,,,,,,,,,,,,,,,,,,,,,,,,,,,,,,,,,,,,,,,,,,,,,,,,,,,,,推薦,鼻,nose
392,6223,"
[問題] 求全自體隆鼻醫師推薦
",['\n各位好，因為生活習慣以及周遭環境\n(可能有二手菸+現在空氣品質差)，\n還有體質較敏感等各種原因，\n決定去做全自體隆鼻\n(鼻子條件很差，所以是肋軟骨隆鼻)\n\n目前的名單很空QQ\n(上網爬了很多文，也有一直找評價，\n可是這樣反而越來越少口袋名單)\n\n1.南部許醫師:\n去諮詢後認真決定除非真的沒醫師，\n不然不可能給他做，\n很堅持己見而且沒有討論空間。\n另外fg上評價很兩極，\n並不是真的像網路吹噓的那樣，\n價錢+無法理論+兩極評價所以不考慮。\n\n2.北部顏醫師\n感覺不錯，可自然可高，\n可是案例鼻孔都會有點露所以很退卻。\n而且其實案例不算多。\n\n3.北部韋醫師\n到目前寄任何信以及傳訊息都沒回過。\n而且評價更不同，也有假推文的案例\n(但他做的我真的有點喜歡)\n\n再來\n鼻王退休了\n邱醫師搞出人命(麻醉)而且糾紛多，\n負評也不算少\n\n最近要去找北部林醫師，\n也有考慮找顏醫師同診所的林醫師，\n但他業配真的太多，\n加上本版有失敗例子，所以很緊張。\n做全自體醫師又滿少的所以很困擾。\n\n請各位版友推薦好的醫師QQ\n\n\n--\n'],"['Fatyun:', '邱大睿醫生呢？他也有在做自體肋骨隆鼻']","['kred1124:', '謝忠佑謝醫師非常推  ']","['BRENAD:', 'v大:也有土耳其軟糖法，是切碎+筋膜，要求  比較高也沒辦法墊很高，可是沒有彎曲跟偏  斜的機率  邱的話，爬文看到負評多於好評有點害怕  好，我去找一下吳醫師！  韋我是真的好喜歡QQ，可是他評價太兩極QQ  感謝t大推薦  謝謝你們，可是諮詢態度跟作品可能無關...  他的鼻頭鼻翼真的很好，我應該會隆完鼻另  外給他縮鼻翼，可是他手術結果我很擔心，  尤其是全自體(插Fω；‵)  而且他好像會叫別人刪負評  ']","['t13212t:', '高全祥醫師可以問一下    ']","['vic5710789:', '肋軟骨有彎曲風險 ']","['yv131499:', '台中的吳峻豪醫師呢？之前有去諮詢過覺 得醫師蠻親切的，也會很誠實的跟你說術 後大概能做到的效果 ']","['y6065457:', '南部醫師有問過群英蘇醫師嗎? 選醫師我    也糾結很久，最後是選蘇醫師 醫師有很多    自體肋軟骨案例 我是上個月做隆鼻手術    鼻頭墊耳軟骨    ']","['vv91167:', '我給韋 目前半年 滿意   ']","['ms06368:', '韋醫生人不錯，但是諮詢師有點讓人無言     ']","['wigiwigi:', '韋醫師很仔細，推一個～ ']","['Noname5765:', '韋醫師很仔細，推一個～    ']","['fu6iou:', '有給韋諮詢過 欣賞他的態度與對美的看法 ']",,,,,,,,,,,,,,,,,,,,,,,,,,,,,,,,,,,,,,,,,,,,,,,,,,,,,,,,,,,,,,,,,,,,,,,,,,,,,,,,,,,,,,,,,推薦,鼻,nose
394,6257,"
[問題] 高雄縮鼻翼推薦醫師？
",['\n嗨～大家\n想詢問高雄有沒有推薦的醫師\n是可以單純作縮鼻翼\n\n而不會一直要你加做其他的\n因為個人只在意鼻翼部分\n鼻子不是塌的\n\n諮詢過高雄某間\n諮詢過程中\n感覺一直要你做整套\n磨駝峰、韓式隆鼻…等\n\n希望有單純作縮鼻翼的可以跟我分享\n不好意思也可以站內信唷\n^_^\n\n\n\n--\n'],"['y6065457:', '才剛分享完XD搜我看文章吧 也正好是在高    雄 群英的蘇醫師 手術前溝通很重要 醫師    是依照我的需求手術 但我不是單純做縮鼻    翼，我是做全面性的隆鼻手術    ']",,,,,,,,,,,,,,,,,,,,,,,,,,,,,,,,,,,,,,,,,,,,,,,,,,,,,,,,,,,,,,,,,,,,,,,,,,,,,,,,,,,,,,,,,,,,,,,,,,,,推薦,鼻,nose
408,6591,"
[問題] 想隆鼻  有推薦的醫美診所嗎？
",['\n看過很多人分享自己隆鼻前後的比較\n\n感覺隆鼻後真的改變很多\n\n讓我也開始想整治自己的塌鼻一下\n\n因為想一勞永逸所以不考慮微整類\n\n可是仍然在材質選擇與方式猶豫不決\n\n結構式隆鼻有打動我\n\n但是價錢似乎高很多QQ\n\n\n請問大家有什麼建議的醫美診所？\n\n能順便說下你們大致做多少錢\n\n好讓我有心理準備嗎？\n\n超過預算的我放後面再去\n\n--\n'],"['eastliu:', '路過順手回 基本約13～15w起跳 如果要全 自體甚至有開到20w的  建議爬文收集名單 ']","['Hane:', '自體，第一次第二次加起來18 補推個 ']","['smilifly:', '覺得你可以先多諮詢幾家確定自己適合什  麼手術～隆鼻的話推薦你查查看朱立箴醫  師建構式鼻整形，口碑做的蠻不錯的，案  例也蠻多的你可以參考看看！朋友之前有  給他操刀過，術後效果很自然～還跑去拍  紀錄片呢XD  ']","['cat515:', '爬文..   ']","['wishmeluck16:', '自己找']","['s0001131:', '台北極緻可諮詢看看，版上推薦過  ']","['canceryou:', '請爬文']",,,,,,,,,,,,,,,,,,,,,,,,,,,,,,,,,,,,,,,,,,,,,,,,,,,,,,,,,,,,,,,,,,,,,,,,,,,,,,,,,,,,,,,,,,,,,,推薦,鼻,nose
411,6603,"
[分享] 推薦一下玻尿酸！打鼻子和下巴
","['\n因為要結婚了\n所以嘗試了一直沒有嘗試的鼻子\n打完第一天還腫腫的超級不習慣\n同事還說我像唱歌仔戲的\n哈哈哈\n\n現在差不多一週\n我自己覺得很不錯\n', '\n', '\n去的是我最愛的珍顏\n鼻子補了0.7cc\n剩下0.3補下巴\n\n我原本想說\n下巴在牙齒矯正後已經夠長了\n不需要吧！\n現在看看照片\n覺得還真的是有需要呢！\n分享給大家\n\n雖然減肥一直沒成功\n但是補了一點下巴\n就會被說好像瘦了\n推薦給同是減肥一直失敗的人…哈哈\n\n--\n', '\n', '\n', '有肉毒，但是才一週，所以我覺得效果應該還沒出來…不過也有可能我肉毒真的作用很快，\n現在用力是完全沒有肌肉鼓起了\n', '\n', '以上都有回信至信箱了唷！\n之後有興趣的人可能要麻煩寄站內信了\n']","['hua049:', '想請問醫生跟診所，還有價格，謝謝！']","['arista514:', '想知道診所和價格，謝謝 ']","['shirley8191:', '想請問醫生跟診所，還有價格，謝謝！']","['fantasy00:', '請問醫師與價格，謝謝你：)  ']","['dive1122:', '想了解謝謝  ']","['sdwater27:', '想問下巴診所醫師和費用，謝謝']","['Error503:', '想請問醫生跟診所，還有價格，謝謝！']","['alfac:', '請問醫師與價格 用的很好看  ']","['eliao0817:', '想請問醫生和價格，謝謝！ ']","['ooxx7031022:', '想請問醫生跟診所，還有價格，謝謝  ']","['amuamu:', '想請問醫生跟診所，還有價格，謝謝！']","['triswang0429:', '想問醫生加價錢 謝謝～']","['SxRxNx:', '想問醫師及診所，還有價格～謝謝！ ']","['lifeofstar:', '想請問醫生跟診所，還有價格，謝謝']","['MinYeo:', '想請問醫生跟診所，還有價格，謝謝！']","['chucola0701:', '想請問醫生與價格 謝謝！']","['niuii0219:', '想了解醫生診所跟價格，謝謝']","['cowcow:', '這沒肉毒嗎？感覺腮幫子變小了']","['tinaokada:', '想請問醫師跟價格，謝謝   ']","['Passive:', '想了解價格qq ']","['wei0615:', '想請問醫生跟診所，還有價格，謝謝！   ']","['nikki0520:', '想了解 謝謝  ']",,,,,,,,,,,,,,,,,,,,,,,,,,,,,,,,,,,,,,,,,,,,,,,,,,,,,,,,,,,,,,,,,,,,,,,,,,,,,,,推薦,鼻,nose
415,6688,"
[問題] 鼻中膈彎曲矯正的隆鼻選擇
","['\n因為先天性的鼻子發育不良，從小就有鼻塞問題\n過敏的時候更加嚴重，非常不舒服\n之前醫師有建議手術，後來想想既然都要手術了，想要順便改善外觀，不知道隆鼻手術搭\n配鼻中膈矯正，手術成功率大不大？\n有沒有哪位醫師比較擅長此類手術的＠＠\n\n--\n', '有看到朱醫師的案例，覺得蠻不錯的\n']","['claretcider:', '有人給林鴻穎醫生用過嗎？  ']","['Atzen:', '諮詢時醫師大多會順便檢查鼻中隔。 ']","['imTower:', '我就是功能性隆鼻,新光醫院邱昱勳  ']","['k997293:', '高雄群英蘇毓彬，他做隆鼻都會搭配做    鼻中膈重建或矯正，這部分經驗很多，去    諮詢一次就感受的出來    ']","['babyxxx1205:', '想知道+1   ']","['megane66:', '推朱立箴 在馬偕醫院待過 處理過許多鼻   功能受損的案例感覺比較專業   ']","['oneunes0303:', '可以去台中教主找朱立箴 隆鼻+功能  性矯正很常見的 隆鼻手術本來就是建  立在鼻子功能健康的基礎上  ']","['pinkbiobook:', '推林日新醫師,朋友案例很成功   ']","['helloometry:', '鼻子結構複雜，而且在臉正中央，找    醫師要找對鼻子結構最了解的比較安全    ']",,,,,,,,,,,,,,,,,,,,,,,,,,,,,,,,,,,,,,,,,,,,,,,,,,,,,,,,,,,,,,,,,,,,,,,,,,,,,,,,,,,,,,,,,,,,選擇,鼻,nose
417,6694,"
[討論] 專長是隆鼻手術的推薦醫師
","['\n家裡有人想去隆鼻，最近一直都積極在找隆鼻醫師，我覺得隆鼻手術應該是要兼顧外觀與\n功能，因為很多去做隆鼻手術的人原本就是很健康的鼻子，但我家人是之前發生小意外有\n撞到鼻子所以現在常常鼻塞之類的，想說要找對鼻子比較了解的醫師，專長是隆鼻手術的\n。\n當然最好是希望一次就成功，也知道必須實際諮詢比較可信，但還是希望能有一些參考名\n單，有分享的網友真的很感謝～\n\n--\n', '謝謝，朱醫師有去看過資料，只是網上討論比較少的樣子\n', '謝謝關心，也會針對醫師多去了解。之前的醫師是說可開刀也可不開刀，當時選擇不開\n']","['katunbell:', '這可能是要找顏面鼻整形的專長醫師？ ']","['smilifly:', '之前有打過玻尿酸但發現我很快就代謝掉  了...後來有給上面推薦的朱立箴醫師隆  鼻調整，實際去諮詢才發現能夠給許多專  業的建議，而且他們家沒有強迫推銷的問  題，評價也很不錯，術後也是我喜歡的樣  子，對初入門醫美的人來說很值得參考！  ']","['Antefeckr:', '顏面鼻整形專長我也是聽說找朱,朱是大   醫院出來的,遇過很多嚴重病例,經驗比   較豐富   回原po,朱有個人網頁可以去看看  ']","['t13212t:', '推文廣告居多，要自我判斷   ']","['wishmeluck16:', '同意7F，而且你要大家推薦前，何不   先列出你覺得哪些醫師適合你？這樣   不也是伸手   ']","['lastweeb:', '當然是耳鼻喉科的醫生啊 ']","['austin2272:', '我最近諮詢了林鴻穎醫師，超推']","['litcenga:', '如果有撞到有檢查過嗎?貿然隆鼻也不好,  記得諮詢時一定要詳細告知啊  ']","['omnigur:', '推推朱x箴！專長是結構式鼻整形，很符合   你的需求，幫你找了～台北台中教主都有   門診   ']","['pttusero:', '建議找擅長鼻子的整外專科醫師  ']","['Helpfulty:', '專長鼻整形的 可以去找教主朱x箴  ']",,,,,,,,,,,,,,,,,,,,,,,,,,,,,,,,,,,,,,,,,,,,,,,,,,,,,,,,,,,,,,,,,,,,,,,,,,,,,,,,,,,,,,,,,,推薦,鼻,nose
427,6979,"
[問題] 台北台中隆鼻推薦
",['\n\n我的眼睛算深邃，但是沒什麼山根，鼻頭有點太福氣，大鼻頭加寬鼻翼，\n雖然皮膚白但是從青春期就開始覺得自己像東南亞人，一直想要整鼻子，\n出社會一陣子才終於有預算，這幾個月來諮詢了幾位醫生但還是無法決定\n，麻煩版友幫我推薦 !\n\n1.亞緻荊偉政\n醫師給人感覺帥帥的很有自信，說我鼻頭圓，要讓它變精緻，\n需要把鼻頭變高，然後墊山根，縮鼻翼，因為是第一間諮詢沒甚麼概念也沒\n問太多問題。\n價錢：11萬\n\n2.板上很多人推的韋醫師\n醫生很親切，諮詢給人感覺很放鬆像在聊天，醫生說鼻頭用耳朵和鼻軟骨來墊\n，不用敲鼻骨，山根墊高3-4mm的矽膠或卡麥拉，沒有提到要縮鼻翼，不過有提到鼻頭皮膚要打薄才會好看，諮詢師態度蠻好的。\n價錢: 14萬\n\n3.星采邱大睿\n邱醫生給我看的案例墊得很高，醫生像版友說的，是追求效果派，\n說要好看就要用肋骨把鼻頭撐起來，不然效果不好，諮詢非常迅速，\n感覺很幹練果斷。\n價錢：約18，有點超出預算大概就不考慮了\n\n4. 格嘉何格彰\n跟前幾位醫生比起來，在板上比較沒有討論度，不過診所環境給人感覺還不錯，\n店長解說了一陣子，後來用3D模擬影像跟何醫生討論，他說我鼻子的條件不好，\n跟韋醫師術式感覺很像，用鼻子跟耳朵的骨頭來用鼻頭，改善朝天鼻，不過不\n知道哪裡感覺不對，可能案例美感沒有很喜歡。\n價錢:11萬\n\n5. 晶鑽林日新\n林醫生是朋友去隆鼻後推薦的，朋友做得算成功，醫生看起來很年輕，帥帥的，\n態度也是誠懇路線的，有問必答，醫生說建議用自體肋骨或異體肋骨，\n效果才會好，案例的美感還蠻喜歡的，不過對於要用到肋骨還是有點怯步。\n價錢:13萬\n\n這陣子會去台中教主諮詢朱醫師，目前諮詢了幾家，現在陷入選擇困難中。\n不知道版友都是怎麼決定醫生的?\n\n--\n'],"['smilifly:', '之前朋友就是山根塌去看了教主官網的案   例很精緻而心動!最後給朱立箴醫師做隆   鼻~醫師真的蠻細心的人也頗帥(誤   重點是他的技術很好手術經驗很夠啦~看   我朋友術後真的變得很美而且很自然!真   的替她高興QwQ   ']","['Hane:', '推張簡仕煌 可以諮詢看看 或爬我的文  ']","['stevannovak:', '是不是有搞錯什麼？ 我好幾個朋友都  是給格嘉何院長做的，從來沒有這麼低  的價錢耶，雖然稍貴，但我看效果都蠻  不錯的  ']","['viovol:', '朋友給台中何醫師做過鼻子的手術， 她說過程與結果都很滿意，供你參考  ']","['chienhau:', '我在格嘉做15萬goretex矯正我的朝天鼻去ㄧ次就決定給何醫做了']","['wanniechen:', '還是看自己想要什麼吧 你可以整理一下  醫師們給你的建議 統整可能比較需要  做的至於要不要用自體軟肋骨 就看你是  不是很在意在別的地方開刀  朱的話可以諮詢看看 記得不用諮詢費  何醫師的話 就我所知目前沒有11萬這  個價 你可能要再多確認一下?  ']","['Kascott:', '格嘉何醫師，手術很仔細，成功案例也很多   ，朋友給他做過，印象中都是14-15萬左右   ']","['Bay1207:', '認識的人給格嘉何醫師做過鼻頭，效果很好  ']","['minerva:', '謝謝大家喔  我會再想想~ 何醫師可能是我記錯了  抱歉喔 ']","['JERRY6454:', '我找林日新醫師在台北做的,目前術後二 個月,從諮詢到術後都給我感覺很細心 ']","['dhn:', '台中吳峻豪 可以諮詢看看 ']","['pig720911:', '我的鼻子是邱大睿做的，每個人都說很 自然耶 ']","['IFeltSad5566:', '諮詢多個醫師的話就可以統整醫師給  的建議下去做修正,但選醫師的話技術  為重唷!!朱立箴醫師在官網上就有案  例可以做參考~我覺得都蠻漂亮蠻自然  的~手術經驗也多,有很多人分享術後,  可以放心去諮詢看看  ']","['kikionetwoth:', '盡量多看案例喜不喜歡吧 每個醫師  喜好不同  ']","['Oicgp:', '台北 曾文尚    ']",,,,,,,,,,,,,,,,,,,,,,,,,,,,,,,,,,,,,,,,,,,,,,,,,,,,,,,,,,,,,,,,,,,,,,,,,,,,,,,,,,,,,,推薦,鼻,nose
435,7153,"
[問題] 高雄鼻頭＋下巴推薦？(內有諮詢心得
",['\n\n本身條件：\n\n各位好，小妹我鼻樑本身條件不錯，大家都會被誇說鼻子很高的那種類型\n只是鼻頭有點大、微朝天，\n然後下巴後縮（已經做過牙齒矯正），每年固定打1-2CC玻尿酸維持\n鼻子曾經打過鼻樑玻尿酸0.3c\n下面附上諮詢過的三家醫院，但都不是很滿意，想請各位幫忙推薦\n目前住在高雄，因為術後回診方便，因此不考慮外地\n\n已經諮詢：\n\n1.萊佳許英哲醫師\n許醫師不愧是高雄最有名鼻醫師，已經預約了，到場還等了快一小時\n諮詢費忘記是300還是400元，\n醫師給的建議很專業但是非常強勢（有自己的美感以及堅持）\n他說一定要做鼻樑，整個做，不能只做鼻頭或是鼻翼\n並且要取肋骨＋耳軟骨＋敲鼻骨\n\n結論：\n醫師雖然很專業，作品也自然又美，但是由於不能滿足我的需求\n因此不考慮\n\n\n2.群英蘇毓彬\n看板上前陣子很多人推薦，有點懷疑是不是業配，\n帶著懷疑的心情去諮詢，諮詢費300元（可抵手術費）\n醫師和諮詢師非常親切跟中肯，醫師還一直叫我不用動鼻翼，\n如果要動鼻翼的話叫一直叫我不用做了，今天不用諮詢（笑）\n只要拿耳軟骨做鼻頭即可。\n醫師也很親切和耐心，\n但由於當天去，蘇醫師並未給我看任何案例，\n事後在考慮時也覺得沒有看過其他案例怕怕的，所以還在考慮中\n\n結論：考慮\n\n\n3.美博仕李冠穎\n這是我最想要去做的一家，看了李醫師的部落格有許多案例，\n加上他專業但淺顯易懂的說明，感覺這位醫師就是我需要的！\n諮詢費300（可抵手術費）\n結果當日去諮詢很失望QQ 因為醫師他說我鼻子跟下巴都有玻尿酸，\n所以無法為我諮詢，所以當天約15分鐘時間，完全沒諮詢。\n醫師非常(O)仔細地（像爸爸或老師）對我觀念指導，\n說打玻尿酸會讓眼睛失明，說我們都觀念錯誤、被網路影響。\n然後說網路上很多業配文，不可以亂相信等等。\n結果好像去被說教了一頓＠＠ 醫師說要我回原診所打降解脢後才可以幫我評估。\n\n結論：聯絡原診所後他們表示，他們院內沒有降解脢，已經跟衛服部申請，\n可是不知道要什麼時候才會有貨，費用約幾千元。\n要我詢問醫師是否可以在手術時協助清除？（他們表示他們院內的手術也都是醫師清除）\n結果我再次詢問美博仕Line帳號，得到的答案是不行。\n他們請我要回原診所清除完後再回去諮詢...\n目前已經等兩個月了，整個卡在那邊，原本希望在暑假以前做完的...\n雖然很喜歡李醫師的案例，但是又覺得這樣太拖了，感覺醫師沒有想要理我QQ\n\n\n\n4.萊佳賴慶鴻（未諮詢）\n3月底時我預約了萊佳賴醫師，結果過了約兩周後接到電話，\n說賴醫師臨時有事情，可不可以改期？我欣然答應，後來改到了四月中，\n但過了一兩周後又接到電話，說賴醫師臨時請假，可不可以改期？\n我表示困擾，但是還是讓他改期到5/19（印象很深刻）\n結果又在四月底接到電話，說賴醫師臨時請假，可不可以改期？\n我就請他不用預約了。\n\n--------\n\n以上都是真實諮詢心得，皆有經由Line或是電話預約並實際諮詢（除了4）\n請問各位有推薦高雄的鼻＋下巴嗎？不然我可能就要預約蘇了...\n謝謝各位看完這篇長文\n\n\n\n\n\n\n--\n'],"['fsfinsta:', '推薦李冠穎醫師 美麗是值得時間等待的！ ']","['joechang:', '覺得如果微整無法諮詢應該要提前告知吧  讓你白跑一趟  ']","['kathyya:', '其實妳諮的醫師都不錯，可以再諮一次蘇  醫師，表達想看案例再決定。或是再約一  次賴醫師～有時候就是緣分吧～  ']","['LucyTang:', '跟原po一樣！考慮3D列印中～   ']","['f0020246:', '我也是看到板上推薦 才去找蘇醫師 諮詢  一次就決定給蘇醫師做了 覺得醫師很中肯  親切 建議你再去諮詢一次看案例 再決定  ']","['limeow:', '最近剛給蘇醫師隆鼻完 個人很滿意 有發文~    ']","['meimei2010h:', '推樓上，醫生親切又專業']","['veryfirster:', '玻尿酸只有降解酶可以降解，手術是無  法清除的  推薦李冠穎醫生，講話實在，朋友降  解後去手術，目前很滿意-可以嘗試  ']","['violetpasy:', '可以再給賴醫師一次機會嗎？我跟好幾 個朋友都找他結果都很滿意 ']","['aas20112:', '追後續+1跟妳有相同困擾   ']","['Oicgp:', '高雄雅典娜 劉志信醫師  ']",,,,,,,,,,,,,,,,,,,,,,,,,,,,,,,,,,,,,,,,,,,,,,,,,,,,,,,,,,,,,,,,,,,,,,,,,,,,,,,,,,,,,,,,,,推薦,鼻,nose
445,7286,"
[問題] 隆鼻材質挑選
","['\n想做隆鼻手術有好幾個年頭了\n覺得自己的鼻子太塌看起來很不立體\n努力畫鼻影後拍照還是得找角度有夠麻煩的\n現在有在賺錢也存了一些\n所以想好好的來整一下鼻子～\n實在是非常羨慕angelababy的鼻子\n想整個跟他一樣XD\n', '\n', '\n', '（圖片截自於網路）\n他真的好正\n我是知道有人工和自體的材質來隆鼻\n但因為用自體的話還得再多1次手術所以不考慮\n（不想痛2個地方）\n那如果使用人工的話有什麼材質可以選啊？\n網路上看到的幾乎都是卡麥拉這牌子\n有人用過這材質嗎？\n\n--\n']","['smilifly:', '之前朋友去給朱立箴醫師做隆鼻，就是用  卡麥拉,說是鈣化的機率比較小～觸感自然  而且感染率低,你有興趣的話可以去諮詢  看看,都有手術照片案例,而且在板上的評  論都蠻好的唷!  ']","['ppdormancy:', 'https://i.imgur.com/sJ8tWFw.jpg   ']","['danny79122:', '我上網有看過卡麥拉跟Bistool，不過  我去諮詢過的診所幾乎都是用卡麥拉比  較多耶～  ']","['shawna0916:', '安安爬個文唷  ']","['XoPXoP:', '直接去韓國做手術，建議歐  ']","['johnny1743:', '我是用二代卡麥拉做隆鼻的，醫生說二代的曲線更適合東方人，而且觸感比一代柔軟很多，現在做完2、3年了，鼻形依舊好看！']","['all56145568:', '台灣醫生好像都是用卡麥拉居多，之前 查過資料卡麥拉好像是複合式材質， 具有透氣小孔，不容易移位，上網看 到https://tw.appledaily.com/headli ne/daily/20180829/38107163/，就覺 得用卡麥拉來做好像不錯～ ']","['han77:', '是不是現在大家都推gordex?']","['Noname5765:', 'Pureform?全Goretex材質..  ']",,,,,,,,,,,,,,,,,,,,,,,,,,,,,,,,,,,,,,,,,,,,,,,,,,,,,,,,,,,,,,,,,,,,,,,,,,,,,,,,,,,,,,,,,,,,挑選,鼻,nose
451,7385,"
[問題] 想請問台北隆鼻推薦!!
",['\n我的鼻子不算醜的可怕，但真的離精緻或漂亮還有很大一段距離，希望可以至少把它改的\n討喜一些，天天照到鏡子也不會那麼介意...\n總之本身台北人，住、工作都在這，希望診所或醫生是在台北的，不必太舟車勞頓!哪一\n區不太有關係，只要能在台北都煩請推薦了!!\n\n--\n'],"['smilifly:', '台北我蠻推薦找朱立箴醫師的，之前朋友  手術就是給他做，醫師很重規劃，對於各  種鼻型的改善也很有經驗，你可以去諮詢  看看～  ']","['reconditer:', '沒做過 但覺得韋醫師的案例很好看 想  給他做  ']","['Emilynxtp:', '恩恩謝謝妳!有去找了一下他的案例，蠻     喜歡的!     ']","['beyonder:', '台北亞緻王子杰醫師  ']","['sitodosiba:', '我雖然有在台中問診過，但診所說醫生     兩邊都有診     ']","['psh0968:', '看想做出的效果吧跟醫師討論吧...説不定  打打針就好了  ']","['wmyury:', '我自己也有隆鼻，可以理解術前的焦慮，我     是經朋友推薦給朱立箴醫生做，現在確實對     自己滿意很多，不過專業的部分妳還是跟醫     生詳細討論好~     ']","['feu520:', '你跟樓下是姐妹嗎？   ']","['caddatt:', '原po是想動哪種隆鼻呀，還是還不清楚?  ']","['lora551204:', '爬文很難？  ']","['XoPXoP:', '李進良唯一推荐 ']","['holycarest:', '朱醫生是在教主嗎?     ']","['work99:', '陳振坤! 台大整形外科的，執刀十幾年了!我 跟我朋友都給他做的，超推!現在好像是君綺 院長 ']","['husky6688:', '個人喜歡韋的風格（自然）   ']","['IFeltSad5566:', '每位醫師手法審美都不同~但我身邊朋   友也蠻多給朱立箴醫師做的,你可以去   看教主網上的案例,看前後對比照就知   道醫師技術多厲害XD   ']","['Judyjuuudy:', '他們家的案例都是影片呈現，我覺得這   點很靠譜，不是修出來的   ']","['yuri99:', '沒必要噓，爬文多的是業配和年代久遠  爬也沒用  ']",,,,,,,,,,,,,,,,,,,,,,,,,,,,,,,,,,,,,,,,,,,,,,,,,,,,,,,,,,,,,,,,,,,,,,,,,,,,,,,,,,,,推薦,鼻,nose
453,7411,"
[問題] 隆鼻和雙眼皮一起做的醫生選擇
","['\n\n最近版上很多伸手文 但我真的爬了好多年的文了\n\n想請教有隆鼻和縫雙眼皮經驗的版友\n會推薦兩個同時一起開還是分開做呢?\n找同一個醫師似乎都會多少有一些折扣\n同一位醫師也會在不同診所駐診 是不是每間報價也會不同呢?\n\n因為本身鼻子真的昰""完全""沒有山根\n幾乎只有鼻頭\n對於雙眼皮雖然喜歡開放式的歐美感\n本身五官很平覺得會撐不起太強烈的雙眼皮\n目前比較考慮做封閉式的雙眼皮\n但也有考慮要動鼻子 因為不曾有過鼻子XD\n不確定有了鼻子之後對眼睛會不會有其他看法\n說不定有鼻子之後做開放式我也能接受了\n本身鼻子條件很差 不確定能不能做到心中想要的樣子\n真的有點難想像鼻子和眼皮同時改變後的樣子\n\n雙眼皮的部分本身眼皮脂肪滿多的\n但不太想直接用割的畢竟多少會留疤而且恢復期較長\n不確定下面候選的醫生有沒有比較擅長做縫雙眼皮+小切口取脂的\n\n目前傾向給同一個醫師做 下面有幾個目前候選的醫師\n平時在新竹台北活動\n\n1. 新竹聖宜倪醫生\n   看醫生的案例鼻子和雙眼皮都覺得滿美的\n   但版上比較沒有分享 已經有預約諮詢\n\n2. 台北皇妍蘇醫生\n   蘇醫生版上雖然比較多唇部的手術\n   但這幾年偶爾會看到幾個分享雙眼皮還有鼻子的文章\n   每次看到蘇醫生的案例我都會很有印象\n   和蘇醫生的美感似乎滿一致的XD\n   看網友分享價位似乎比較偏高\n\n3. 台北博恩妍張簡醫生\n   爬文提到張簡醫生的鼻子做得比較自然\n   比起網美鼻比較喜歡自然一點的鼻子\n\n4. 台北長庚蕭醫生\n   大醫院還是會比較放心一點\n   也看到滿多分享文似乎沒有什麼反推\n\n5. 台北凡登林醫生\n   滿喜歡鼻子的案例\n   但好像滿多人不推凡登的\n   不是很確定是針對診所還是醫師\n\n6. 台北慕妍韋醫生\n   這間也是很多分享(業配) 但鼻子的案例也是偏自然滿喜歡的\n   不過失敗的分享文也相較比較多 有一點疑慮QQ\n\n以上幾位是鼻子和雙眼皮的案例都是我可以接受的風格\n\n以下兩個只有考慮雙眼皮\n隆鼻找不太到案例參考\n但眼皮案例真的都滿喜歡的\n\n7. 台北淨妍陳醫生\n8. 台北極致張醫生\n\n--\n']","['smilifly:', '我也覺得還是找專業的好喔！隆鼻的話可  以諮詢看看朱立箴，之前陪朋友去過，醫  師人細心而且診所環境不錯，還會有案例  照片可以參考唷～  ']","['reconditer:', '推極緻張  ']","['wisestgirl:', '推1   ']","['bigppmilkgre:', '推倪宗聖醫師！我的雙眼皮是給他做 ']","['Atzen:', '我墊下巴時也是貪合併方便，結果眼睛失敗， 同醫師重修又失敗，後來是找眼睛厲害的醫師 重修才成功的。 ']","['t13212t:', '蘇很全能，給蘇做隆乳 也做得很棒  ']","['austin2272:', '我月底要給張簡做，到時候來分享一下    ']","['mickeyss:', '推8']","['mm210317:', '我覺得分開做比較好耶 先做眼睛才知道   鼻子怎樣調整   ']",,,,,,,,,,,,,,,,,,,,,,,,,,,,,,,,,,,,,,,,,,,,,,,,,,,,,,,,,,,,,,,,,,,,,,,,,,,,,,,,,,,,,,,,,,,,選擇,鼻,nose
479,8159,"
Re: [分享] 推薦一下玻尿酸！打鼻子和下巴（補9個月後照片）
","['\n偶爾還是會有些人來信\n問我醫生和價格\n另外也有好幾位問說\n可以維持多久\n\n我當初應該是2/19打的吧，不太記得了\n近照是11/30拍的\n這樣應該是9個月後\n\n可以看一下\n很明顯肉毒的效果已經消失了\n我咬肌很大，現在咬起來也確實很硬\n鼻子應該還有一點在\n下巴因為只打一點點\n所以看起來也差不多快沒了\n就給各位自行參考了唷！\n每個人體質不同，維持的速度也不太一樣\n', '\n', '\n\n', '\n', '\n', '\n', '\n', '\n', '\n', '\n', '\n', '\n', '\n', '\n', '\n', '\n', '\n', '\n', '\n', '\n', '\n', '\n', '\n', '\n', '\n', '\n', '\n', '\n', '\n', '\n', '\n', '\n\n--\n']","['screw205:', '其實不滿意好像7天內還可以捏的動 嗯...我只能說可能你真的需要比較多的  量，或者你下次去別家打看看好了，畢竟  醫生緣可能不一樣  ']","['chucola0701:', ' https://i.imgur.com/7nu2qrz.jpg https://i.imgur.com/NSek5YZ.jpg一個禮拜內回診說有凹 不幫塑形 叫我多打1cc']",,,,,,,,,,,,,,,,,,,,,,,,,,,,,,,,,,,,,,,,,,,,,,,,,,,,,,,,,,,,,,,,,,,,,,,,,,,,,,,,,,,,,,,,,,,,,,,,,,,推薦,鼻,nose
481,8231,"
[問題] 隆鼻醫師選擇 蘇X銓 vs 林X穎
",['\n\n爬了這麼多文章，也諮詢過各種診所，目前鎖定想要讓這兩位醫師進行隆鼻手術，\n\n因為真的很難抉擇，所以想要問問版上各位的意見。\n\n\n\n因為人在國外的關係，我主要是透過Line與醫療團隊互動，\n\n沒有跟醫師當面諮詢過真的很傷，所以我搜尋/挑選醫師主要是依據負評數量，\n\n我這邊定義的負評是接受自己手術失敗、且態度良好願意重修(i.e.負責任)，\n\n然後搜尋 PTT、DCard、FG、甚至香港討論區。\n\n這兩位醫師在各大討論區都有被討論過，且「醫師」正名聲 >> 負名聲。\n\n尤其是林鴻穎醫師，有諮詢過林醫師的人幾乎都各種讚賞，\n\n醫師態度良好、手術細心、諮詢時會詢問你想要的鼻形而不是直接灌輸他自己認為的\n好鼻形，且非常有名於重修鼻子!\n\n對我來說，因為重修鼻子比第一次隆鼻更困難，所以這個特點加分非常大。\n\n除此之外，林醫師所屬的美麗新診所的諮詢師們也是各種親切，\n\n回應有效率，且非常迅速達成我的需求。\n\n雖然在國外，但我有幸跟醫師直接電話諮詢過，是一次非常好的體驗，\n\n過程就如人們所說的親切、耐心且能傾聽我的需求。\n\n林醫師唯一讓我有疑慮的是，\n\n我曾在PTT上與香港討論區上查到 2 個負評，都是關於醫師把鼻子做壞、術後不負責\n的評論，\n\n香港討論區的評論還是直接寫一篇出來罵醫師的，\n\n這幾則評論讓我滿緊張的，我幾乎差點就決定要在林醫師那邊手術了。\n\n也因為這樣，我開始諮詢其他位醫師。\n\n\n\n\n我名單上的另一位是 - 蘇皇銓醫師，\n\n搜尋下來，蘇醫師的負評數量竟然是 0! (如果只 focus on 隆鼻手術)\n\n這是一件非常難得的事情，畢竟有名的隆鼻醫師很多，且都能找到不少負評，\n\n蘇醫師在隆鼻方面名氣是大的 (他的 Y 字眉心真的讓人很心動!)，\n\n我做了很久功課，真的沒有找到任何負評。\n\n除此之外，PTT跟香港討論區都有較多蘇醫師隆鼻後的分享文(對比林醫師的話)，\n\n因為我非常在意眉心/山根的連接處，這些文章與蘇醫師的網路案例滿戳中我的需求的!\n\n但可惜的是，他們診所諮詢師的態度真的出了名的讓人覺得 - 他們不care你，\n\n過去這個月來，我跟 10 間以上醫美診所諮詢師在 Line 互動過，\n\n而皇妍診所跟我的互動可以說是排名墊底，\n\n回覆時間一天以上、沒有討論餘地、沒有 follow-up，我問的一些小問題也不會回答，\n\n目前我也沒有機會跟蘇醫師直接說到話，\n\n諮詢師告訴我醫師就是沒有在跟顧客視訊 / 通話做諮詢 (儘管我願意遠端付諮詢費)，\n\n滿令人洩氣的。\n\n這間診所的報價也非常高，直接破 20W，\n\n因為我之後人在國外，如果手術之後出問題，只能靠 Line 還不能跟醫師直接對談的話，\n\n這樣的互動結果讓我相當怯步。\n\n\n\n\n\n\n\n以上的資訊可以總結如下:\n\n1. 美麗新 林X穎 醫師\n\n  + 醫師態度好、誠懇、術前仔細與患者溝通\n\n  + 重修非常有名\n\n  + 諮詢師 responsive 且能達成讓我與醫師有效溝通\n\n  - 目前有 2 個醫師術後不負責的負評\n\n  - 網路上案例真的太少，尤其我非常在意的眉骨/山根連接處\n\n  - 手術後自發性分享的文章偏少\n\n\n2. 皇妍 蘇X銓 醫師\n\n  + 零負評!\n\n  + 網路案例照片偏多，尤其 Y 字眉心真的做得非常漂亮\n\n  + 網友自發性分享多，且真的都很美\n\n  - 醫師很難被 reach 到，諮詢師愛理不理\n\n  - 費用比前一位多出 5 W 左右 (這間也是出名的漲價ing)\n\n\n\n\n這兩位醫師都有讓我心動/害怕的點，我到目前還是難以抉擇。\n\n有朋友跟我說，就算醫師名氣再大，還是要看你放不放心把你自己交給他，\n\n非常多人說有時候重修的原因是因為術前跟醫師溝通不良，\n\n但是我也非常害怕手術失敗醫師不認帳不願負責。\n\n其實失敗率大家都有且一定都大於零，我忘記在哪邊爬文看到說，\n\n就算是韓國最有名的鼻整形醫師，重修率也有9%左右，\n\n但因為在國外的關係，我對於負評特別敏感 (畢竟我就是這樣刪去大部分的醫師的)，\n\n我真的很希望能一次到位。\n\n\n以上，謝謝各位看完我落落長的文章，歡迎各種建議與想法!\n\n\n\n--\n'],"['CuLiZn56:', '蘇嘉全和林志穎？  ']","['whiterM:', '蘇可以寫信到他本人信箱問問（附上你的  照片），只是現在的回覆頻率我就不確定了  ']","['owo99:', '最近一兩天剛諮詢完蘇，只能說諮詢師真的 https://i.imgur.com/rkxjrQ9.jpg']","['myahere:', '林醫師是真心為病人好，而且技術也很好注  技術也很好的醫師，可以放心  ']","['baobaocat:', 'dcard也有一篇分享林醫師諮詢的，稍微   偏負評但滿主觀的，你可以參考看看   ']","['hwang626:', '是在X什麼東西？你的疑慮是什麼？   ']","['joanco1026:', '推林醫生，醫生非常的細心，剛給林醫   ']","['bonnielin7:', '蘇醫師你要直接寫email給他最快   ']","['yamasaki160:', '我也是給林醫師諮詢後，又在問了幾家   決定林醫生。 覺得哪個醫生順你的眼   緣好溝通就選誰～我4月要動！   ']","['GDmnnom:', '蘇醫生人很好，諮詢師也都蠻不錯的，不知道你遇到那一個讓你感覺不是很好，我自己親身體驗是很舒服的諮詢，不推銷']","['pdndn:', '推一個選擇外的謝醫師 診所跟醫生都很好 可 以看我分享的文章 只是不知道是不是妳愛的 鼻型就是了 ']","['ans810308:', '推薦蘇先生，手術前最後一句話醫生詢']","['idotcar:', '蘇很多人分享是因為有折手術費吧 不過本人諮詢他真的很細心 但是價錢太讓人卻步']","['gogomercury:', '蘇醫生的很網美鼻 一看就知道是做的   看個人喜歡吧 ']","['FIVE9:', '覺得蘇本人還滿讓人安心的，諮詢師要看人， 有一位人很好，但line的確有時回很慢，如果 想找蘇本人，可以試試fb，之前諮詢，印象蘇 說fb他看的到（希望沒記錯） 另外真的要選讓自己安心的，隆鼻是大手術， 建議選擇有諮詢溝通過的較好 ']","['lenzon:', '如果做過的客戶夠多沒有負評是不可能的吧   ']","['kpkp70000:', '我給蘇做過眼肌手術前後可以說是沒有差別。重新約了第2次手術他放我鳥說沒辦法，我假都請好了被他耍了心死了']",,,,,,,,,,,,,,,,,,,,,,,,,,,,,,,,,,,,,,,,,,,,,,,,,,,,,,,,,,,,,,,,,,,,,,,,,,,,,,,,,,,,選擇,鼻,nose
488,8378,"
[討論] 關於鼻子請教有經驗的過來人
",['\n自己潛水在版上很久\n看了很多文章\n加上鼻子是自己看不順眼了15年的地方\n原本下定決心要用三段式隆鼻\n但身邊除了診所人員xD沒有一位親友支持（羨慕有親友支持的人）\n加上看到v18玻尿酸\n似乎是比較不會有其他玻尿酸變寬的問題？\n所以有點動搖動刀的心...\n想說動刀如果真的有問題例如皮膚顏色變、外觀看起來有突起要取出的話就是滿大的費用\n隆也要超過15\n打玻尿酸就變寬、時效短\n但這些也只是沒有經驗的猜想\n所以才想來發文問問大家\n因為自己身邊都沒有人用過\n我自己隆也是想走自然並不想要很窄很細差異比較大的風格\n\n目前鼻子部分完全沒有打過東西因為想說確定後就是擇一\n\n請問有用過鼻子的大家\n如果再有一次重新選擇\n請問會選動刀隆鼻還是打玻尿酸？\n或是有什麼建議嗎？\n\n\n\n--\n'],"['etyon:', '三段式隆鼻第七年不後悔用鼻子 只後悔應該  在用的更挺 （現在是自然派的）  ']","['sassa:', '不推薦打針 建議直接goretex 和耳軟骨    ']","['owo99:', 'goretex和卡麥拉目前台灣醫生比較推，但是 這兩種後續慢性發炎的案例都不少，韓國醫 生則都是建議用矽膠，至少多年後不滿意想 改形狀最好重做（還在思考跟多看他人分享 打玻尿酸風險也似乎比手術大，因為眼周鼻上 微血管多 velook大 自體肋骨不太推，因為肋軟骨有彎 曲的特性，有遇過兩三個案例後續都歪鼻重 修了 ']","['velook0827:', '最近想去用自肋隆鼻，有人可以分享意 見嗎？真的很少聽到這部分 ']","['sincocosin:', '連照片都沒有 滾   ']","['hummmm:', '推推 想知道+1 ']","['lovelittlem:', '原po想改善哪個部分？像我想改善鼻孔外露基本還是得動刀...我有用耳軟骨墊鼻頭，愛怎麼睡就怎麼睡哈哈']","['badpiggy:', '也好奇推 鼻子資訊好少 攣縮也好可怕 ']","['bbnniii:', '回love大～是的！我也最不滿意我的鼻頭耶 ！看來還是要動刀 回etyon~好心動！那請問耳軟骨後續耳朵復 原後側睡什麼的都不會影響嗎？ 所以剛開始會比較挺但吸收率問題所以時 間過後會變沒那麼挺嗎？ 我也是想說乾脆心一橫的花下去一次到位 有找版上風評不錯的何醫師諮詢 真的很謝謝在推文跟站內回覆我的人！又 讓我有決心了！再跟家人溝通～ 真的...一面倒推手術！好的 為什麼覺得當初應該做更挺啊倒是沒特別想 說要跟醫師討論這點耶 ']","['ispan:', '我之前做卡麥拉感染的，諮詢的時候高度還是  ']","['taging:', '我也推一次動刀，而且如果重來也會選更挺   一點，還會想更早做因為越早做認識新的朋   友就不會被知道   ']","['vvii3232:', '動刀一次到位    ']",,,,,,,,,,,,,,,,,,,,,,,,,,,,,,,,,,,,,,,,,,,,,,,,,,,,,,,,,,,,,,,,,,,,,,,,,,,,,,,,,,,,,,,,,請教,鼻,nose
